committee	industry	donations
HADM	A01	218385
HADM	A02	28500
HADM	A04	24486
HADM	A05	16900
HADM	A06	38900
HADM	A07	201693
HADM	A10	47000
HADM	C01	115700
HADM	C02	27750
HADM	C03	59650
HADM	C04	82740
HADM	C05	106200
HADM	B01	23589
HADM	B02	81575
HADM	B09	159450
HADM	B08	91157
HADM	B12	301833
HADM	B13	135300
HADM	D03	41452
HADM	D01	99000
HADM	D02	62750
HADM	E01	226825
HADM	E04	18050
HADM	E08	151800
HADM	E10	2500
HADM	F13	108925
HADM	F03	193575
HADM	F04	4500
HADM	F05	35035
HADM	F06	74350
HADM	F07	518929
HADM	F09	421546
HADM	F10	418562
HADM	F11	188574
HADM	N00	42450
HADM	A09	87610
HADM	N01	122505
HADM	N02	82139
HADM	N03	113630
HADM	N04	25950
HADM	N05	209150
HADM	N06	78800
HADM	N07	41400
HADM	H01	326200
HADM	H02	96100
HADM	H03	59230
HADM	H04	100666
HADM	W04	73475
HADM	Q01	156096
HADM	Q02	17910
HADM	Q03	573893
HADM	Q04	7750
HADM	Q05	80680
HADM	Q13	40217
HADM	Q09	44925
HADM	Q14	9450
HADM	Q15	13900
HADM	Q08	27950
HADM	Q11	12600
HADM	K01	583878
HADM	K02	318068
HADM	P05	51750
HADM	P04	156000
HADM	P01	187700
HADM	P02	104950
HADM	P03	154150
HADM	N15	99698
HADM	N13	48500
HADM	N14	27050
HADM	M01	204449
HADM	M02	131595
HADM	M03	72000
HADM	M04	98500
HADM	M05	32700
HADM	N08	57884
HADM	W06	496977
HADM	W03	35375
HADM	W02	47400
HADM	W05	2100
HADM	Q16	185379
HADM	Q12	0
HADM	N16	0
HAGR	A01	2823067
HAGR	A02	97518
HAGR	A04	610894
HAGR	A05	353243
HAGR	A06	576489
HAGR	A07	2103231
HAGR	A10	476544
HAGR	C01	520686
HAGR	C02	252744
HAGR	C03	257659
HAGR	C04	489831
HAGR	C05	489692
HAGR	B01	277851
HAGR	B02	474219
HAGR	B09	542335
HAGR	B08	437381
HAGR	B12	535518
HAGR	B13	212524
HAGR	D03	182139
HAGR	D01	605601
HAGR	D02	297608
HAGR	E01	1151490
HAGR	E04	151432
HAGR	E08	954633
HAGR	E10	23177
HAGR	F13	558357
HAGR	F03	1239388
HAGR	F04	11756
HAGR	F05	255602
HAGR	F06	283729
HAGR	F07	2251702
HAGR	F09	1827864
HAGR	F10	2070148
HAGR	F11	684045
HAGR	N00	146052
HAGR	A09	797153
HAGR	N01	628275
HAGR	N02	626933
HAGR	N03	776693
HAGR	N04	169884
HAGR	N05	732537
HAGR	N06	105323
HAGR	N07	684813
HAGR	H01	2200073
HAGR	H02	673620
HAGR	H03	397527
HAGR	H04	654207
HAGR	W04	781514
HAGR	Q01	338187
HAGR	Q02	1968280
HAGR	Q03	3374770
HAGR	Q04	136316
HAGR	Q05	565488
HAGR	Q13	242832
HAGR	Q09	518210
HAGR	Q14	23750
HAGR	Q15	202268
HAGR	Q08	1070835
HAGR	Q11	222196
HAGR	K01	2967567
HAGR	K02	883977
HAGR	P05	300403
HAGR	P04	987337
HAGR	P01	921000
HAGR	P02	608862
HAGR	P03	894316
HAGR	N15	717632
HAGR	N13	258088
HAGR	N14	98224
HAGR	M01	623817
HAGR	M02	737892
HAGR	M03	404594
HAGR	M04	635687
HAGR	M05	119509
HAGR	N08	147570
HAGR	W06	3438035
HAGR	W03	310107
HAGR	W02	212027
HAGR	W05	53512
HAGR	Q16	1075517
HAGR	Q12	4774
HAGR	N16	47282
HAPP	A01	1302906
HAPP	A02	283288
HAPP	A04	259330
HAPP	A05	173450
HAPP	A06	306323
HAPP	A07	719330
HAPP	A10	329990
HAPP	C01	711407
HAPP	C02	364583
HAPP	C03	255597
HAPP	C04	689170
HAPP	C05	560100
HAPP	B01	172241
HAPP	B02	336224
HAPP	B09	592075
HAPP	B08	439031
HAPP	B12	677794
HAPP	B13	196039
HAPP	D03	714879
HAPP	D01	1796630
HAPP	D02	1126400
HAPP	E01	1240545
HAPP	E04	280725
HAPP	E08	1275781
HAPP	E10	75086
HAPP	F13	563305
HAPP	F03	1189477
HAPP	F04	24300
HAPP	F05	238487
HAPP	F06	369700
HAPP	F07	1782999
HAPP	F09	1557117
HAPP	F10	2828928
HAPP	F11	826760
HAPP	N00	175957
HAPP	A09	578082
HAPP	N01	634792
HAPP	N02	831362
HAPP	N03	709466
HAPP	N04	172040
HAPP	N05	778390
HAPP	N06	147162
HAPP	N07	762750
HAPP	H01	2590247
HAPP	H02	587602
HAPP	H03	390667
HAPP	H04	1064585
HAPP	W04	555807
HAPP	Q01	410106
HAPP	Q02	403935
HAPP	Q03	2027552
HAPP	Q04	131950
HAPP	Q05	484680
HAPP	Q13	363127
HAPP	Q09	338691
HAPP	Q14	25917
HAPP	Q15	72122
HAPP	Q08	144634
HAPP	Q11	173758
HAPP	K01	2570005
HAPP	K02	1614730
HAPP	P05	280965
HAPP	P04	1047405
HAPP	P01	721418
HAPP	P02	567875
HAPP	P03	1079642
HAPP	N15	1296500
HAPP	N13	497505
HAPP	N14	122620
HAPP	M01	1036425
HAPP	M02	836175
HAPP	M03	431686
HAPP	M04	656849
HAPP	M05	171134
HAPP	N08	327494
HAPP	W06	2772406
HAPP	W03	242508
HAPP	W02	266116
HAPP	W05	24209
HAPP	Q16	549096
HAPP	Q12	1382
HAPP	N16	82250
HARM	A01	1477796
HARM	A02	127582
HARM	A04	261446
HARM	A05	129775
HARM	A06	483344
HARM	A07	923547
HARM	A10	371616
HARM	C01	1219441
HARM	C02	373161
HARM	C03	424197
HARM	C04	997789
HARM	C05	809532
HARM	B01	331996
HARM	B02	697402
HARM	B09	763042
HARM	B08	546305
HARM	B12	921520
HARM	B13	369108
HARM	D03	1467304
HARM	D01	2717257
HARM	D02	1889012
HARM	E01	2224459
HARM	E04	306800
HARM	E08	1245879
HARM	E10	65953
HARM	F13	1273274
HARM	F03	1208795
HARM	F04	29540
HARM	F05	288096
HARM	F06	297845
HARM	F07	3784912
HARM	F09	2384536
HARM	F10	4258163
HARM	F11	911078
HARM	N00	174580
HARM	A09	640167
HARM	N01	848170
HARM	N02	827556
HARM	N03	1044305
HARM	N04	245793
HARM	N05	1221305
HARM	N06	287954
HARM	N07	963111
HARM	H01	3471538
HARM	H02	946431
HARM	H03	717868
HARM	H04	1214276
HARM	W04	1231823
HARM	Q01	2677107
HARM	Q02	1609391
HARM	Q03	4675815
HARM	Q04	114935
HARM	Q05	1088012
HARM	Q13	485533
HARM	Q09	635725
HARM	Q14	24940
HARM	Q15	125735
HARM	Q08	1437479
HARM	Q11	459114
HARM	K01	4967062
HARM	K02	1662015
HARM	P05	410075
HARM	P04	1149630
HARM	P01	1343280
HARM	P02	783267
HARM	P03	1516878
HARM	N15	1072826
HARM	N13	363877
HARM	N14	123080
HARM	M01	1296466
HARM	M02	1227550
HARM	M03	411747
HARM	M04	700939
HARM	M05	630570
HARM	N08	456504
HARM	W06	7687124
HARM	W03	380522
HARM	W02	376612
HARM	W05	47201
HARM	Q16	1047085
HARM	Q12	0
HARM	N16	71135
HBUD	A01	584994
HBUD	A02	124512
HBUD	A04	91692
HBUD	A05	68200
HBUD	A06	110925
HBUD	A07	260445
HBUD	A10	249313
HBUD	C01	572243
HBUD	C02	224166
HBUD	C03	251909
HBUD	C04	459493
HBUD	C05	499105
HBUD	B01	309180
HBUD	B02	502187
HBUD	B09	359600
HBUD	B08	317785
HBUD	B12	444432
HBUD	B13	184975
HBUD	D03	184509
HBUD	D01	507485
HBUD	D02	303880
HBUD	E01	804855
HBUD	E04	101426
HBUD	E08	691377
HBUD	E10	25000
HBUD	F13	866998
HBUD	F03	851268
HBUD	F04	18800
HBUD	F05	201250
HBUD	F06	264350
HBUD	F07	2298579
HBUD	F09	1943722
HBUD	F10	2706429
HBUD	F11	674829
HBUD	N00	80790
HBUD	A09	338771
HBUD	N01	448153
HBUD	N02	539963
HBUD	N03	580412
HBUD	N04	197095
HBUD	N05	933830
HBUD	N06	97924
HBUD	N07	668921
HBUD	H01	2775838
HBUD	H02	843163
HBUD	H03	623281
HBUD	H04	1067723
HBUD	W04	991943
HBUD	Q01	1166338
HBUD	Q02	240842
HBUD	Q03	1470918
HBUD	Q04	100850
HBUD	Q05	682500
HBUD	Q13	199052
HBUD	Q09	359863
HBUD	Q14	53104
HBUD	Q15	119416
HBUD	Q08	30050
HBUD	Q11	185327
HBUD	K01	4627118
HBUD	K02	1183022
HBUD	P05	242065
HBUD	P04	688090
HBUD	P01	557768
HBUD	P02	497730
HBUD	P03	441959
HBUD	N15	723000
HBUD	N13	335935
HBUD	N14	111350
HBUD	M01	437091
HBUD	M02	804917
HBUD	M03	179800
HBUD	M04	288598
HBUD	M05	62750
HBUD	N08	373175
HBUD	W06	4783838
HBUD	W03	617771
HBUD	W02	377094
HBUD	W05	35895
HBUD	Q16	340586
HBUD	Q12	69465
HBUD	N16	29400
HEDU	A01	594821
HEDU	A02	114162
HEDU	A04	128934
HEDU	A05	57100
HEDU	A06	107984
HEDU	A07	375573
HEDU	A10	248228
HEDU	C01	718734
HEDU	C02	236062
HEDU	C03	302691
HEDU	C04	320054
HEDU	C05	513223
HEDU	B01	145590
HEDU	B02	300556
HEDU	B09	404095
HEDU	B08	313903
HEDU	B12	489483
HEDU	B13	190400
HEDU	D03	341328
HEDU	D01	619110
HEDU	D02	384110
HEDU	E01	996954
HEDU	E04	196825
HEDU	E08	763780
HEDU	E10	11935
HEDU	F13	605721
HEDU	F03	683520
HEDU	F04	25200
HEDU	F05	162750
HEDU	F06	285600
HEDU	F07	2540142
HEDU	F09	1898748
HEDU	F10	2103418
HEDU	F11	460176
HEDU	N00	182239
HEDU	A09	362785
HEDU	N01	614417
HEDU	N02	445357
HEDU	N03	764562
HEDU	N04	140005
HEDU	N05	572004
HEDU	N06	218133
HEDU	N07	617025
HEDU	H01	2217557
HEDU	H02	406055
HEDU	H03	440607
HEDU	H04	828316
HEDU	W04	761601
HEDU	Q01	936064
HEDU	Q02	166699
HEDU	Q03	2386373
HEDU	Q04	174599
HEDU	Q05	443753
HEDU	Q13	212393
HEDU	Q09	130741
HEDU	Q14	21540
HEDU	Q15	23355
HEDU	Q08	101003
HEDU	Q11	109202
HEDU	K01	1750800
HEDU	K02	881064
HEDU	P05	251250
HEDU	P04	717650
HEDU	P01	567000
HEDU	P02	546425
HEDU	P03	546000
HEDU	N15	760667
HEDU	N13	230215
HEDU	N14	120050
HEDU	M01	571876
HEDU	M02	686392
HEDU	M03	212390
HEDU	M04	364774
HEDU	M05	192950
HEDU	N08	290448
HEDU	W06	3250261
HEDU	W03	150618
HEDU	W02	230417
HEDU	W05	27445
HEDU	Q16	520633
HEDU	Q12	290
HEDU	N16	26200
HENE	A01	879596
HENE	A02	201311
HENE	A04	161050
HENE	A05	100350
HENE	A06	234116
HENE	A07	642208
HENE	A10	434052
HENE	C01	532176
HENE	C02	307873
HENE	C03	304793
HENE	C04	532096
HENE	C05	611036
HENE	B01	142791
HENE	B02	1446000
HENE	B09	2520730
HENE	B08	1235595
HENE	B12	1013538
HENE	B13	625203
HENE	D03	132630
HENE	D01	884776
HENE	D02	241619
HENE	E01	3652215
HENE	E04	384000
HENE	E08	2978563
HENE	E10	23621
HENE	F13	785370
HENE	F03	892689
HENE	F04	27075
HENE	F05	227376
HENE	F06	279225
HENE	F07	1896231
HENE	F09	2414118
HENE	F10	2560406
HENE	F11	848649
HENE	N00	148350
HENE	A09	620020
HENE	N01	683910
HENE	N02	841443
HENE	N03	1289535
HENE	N04	173014
HENE	N05	672352
HENE	N06	389400
HENE	N07	479370
HENE	H01	6466799
HENE	H02	1083604
HENE	H03	1748396
HENE	H04	4891598
HENE	W04	586142
HENE	Q01	370488
HENE	Q02	316380
HENE	Q03	1233858
HENE	Q04	67750
HENE	Q05	623989
HENE	Q13	239790
HENE	Q09	221541
HENE	Q14	24300
HENE	Q15	72714
HENE	Q08	33825
HENE	Q11	174154
HENE	K01	3239056
HENE	K02	1900230
HENE	P05	251751
HENE	P04	888800
HENE	P01	1070650
HENE	P02	815110
HENE	P03	770250
HENE	N15	955654
HENE	N13	1215300
HENE	N14	133825
HENE	M01	640864
HENE	M02	1535834
HENE	M03	112884
HENE	M04	632344
HENE	M05	222451
HENE	N08	355240
HENE	W06	2701375
HENE	W03	190775
HENE	W02	231443
HENE	W05	29985
HENE	Q16	304036
HENE	Q12	1290
HENE	N16	45333
HFIN	A01	906033
HFIN	A02	113375
HFIN	A04	171374
HFIN	A05	105000
HFIN	A06	358966
HFIN	A07	632488
HFIN	A10	245994
HFIN	C01	746614
HFIN	C02	598374
HFIN	C03	427962
HFIN	C04	513956
HFIN	C05	609595
HFIN	B01	277784
HFIN	B02	463749
HFIN	B09	591202
HFIN	B08	420035
HFIN	B12	649630
HFIN	B13	264204
HFIN	D03	121607
HFIN	D01	821678
HFIN	D02	300224
HFIN	E01	1663259
HFIN	E04	329553
HFIN	E08	1159538
HFIN	E10	42555
HFIN	F13	2026921
HFIN	F03	4592442
HFIN	F04	90400
HFIN	F05	658353
HFIN	F06	2294592
HFIN	F07	8547313
HFIN	F09	7910210
HFIN	F10	6333014
HFIN	F11	2368953
HFIN	N00	126964
HFIN	A09	398009
HFIN	N01	804323
HFIN	N02	847892
HFIN	N03	1345836
HFIN	N04	307005
HFIN	N05	1101234
HFIN	N06	170927
HFIN	N07	580823
HFIN	H01	2702123
HFIN	H02	907117
HFIN	H03	587582
HFIN	H04	1381497
HFIN	W04	1099575
HFIN	Q01	1754704
HFIN	Q02	1202974
HFIN	Q03	3231909
HFIN	Q04	138490
HFIN	Q05	1188267
HFIN	Q13	358714
HFIN	Q09	430800
HFIN	Q14	65783
HFIN	Q15	88887
HFIN	Q08	102284
HFIN	Q11	146641
HFIN	K01	4542404
HFIN	K02	1620148
HFIN	P05	361247
HFIN	P04	946338
HFIN	P01	1060654
HFIN	P02	757256
HFIN	P03	742150
HFIN	N15	1382130
HFIN	N13	276400
HFIN	N14	156505
HFIN	M01	596140
HFIN	M02	1293178
HFIN	M03	124816
HFIN	M04	444276
HFIN	M05	61173
HFIN	N08	300305
HFIN	W06	5965115
HFIN	W03	415237
HFIN	W02	341850
HFIN	W05	46869
HFIN	Q16	893211
HFIN	Q12	18309
HFIN	N16	87310
HGOV	A01	596716
HGOV	A02	77268
HGOV	A04	58350
HGOV	A05	46625
HGOV	A06	220334
HGOV	A07	234896
HGOV	A10	146997
HGOV	C01	668884
HGOV	C02	270996
HGOV	C03	261645
HGOV	C04	507987
HGOV	C05	359985
HGOV	B01	284204
HGOV	B02	508292
HGOV	B09	555614
HGOV	B08	349726
HGOV	B12	673158
HGOV	B13	375987
HGOV	D03	208179
HGOV	D01	554720
HGOV	D02	281558
HGOV	E01	1106420
HGOV	E04	122325
HGOV	E08	724276
HGOV	E10	30181
HGOV	F13	795120
HGOV	F03	884500
HGOV	F04	20160
HGOV	F05	192449
HGOV	F06	347189
HGOV	F07	2071035
HGOV	F09	1559365
HGOV	F10	2401372
HGOV	F11	600057
HGOV	N00	93155
HGOV	A09	346511
HGOV	N01	455376
HGOV	N02	578473
HGOV	N03	833328
HGOV	N04	127240
HGOV	N05	727257
HGOV	N06	151126
HGOV	N07	326506
HGOV	H01	1978715
HGOV	H02	535642
HGOV	H03	408060
HGOV	H04	995730
HGOV	W04	585424
HGOV	Q01	1367024
HGOV	Q02	958521
HGOV	Q03	2317168
HGOV	Q04	114700
HGOV	Q05	843107
HGOV	Q13	231821
HGOV	Q09	382129
HGOV	Q14	29349
HGOV	Q15	104914
HGOV	Q08	1279388
HGOV	Q11	340117
HGOV	K01	3386374
HGOV	K02	792161
HGOV	P05	331136
HGOV	P04	1220303
HGOV	P01	876580
HGOV	P02	642007
HGOV	P03	641938
HGOV	N15	909176
HGOV	N13	207161
HGOV	N14	113071
HGOV	M01	612032
HGOV	M02	802923
HGOV	M03	242970
HGOV	M04	469565
HGOV	M05	72660
HGOV	N08	241193
HGOV	W06	4263264
HGOV	W03	305457
HGOV	W02	223941
HGOV	W05	37276
HGOV	Q16	560773
HGOV	Q12	0
HGOV	N16	44838
HHSC	A01	616704
HHSC	A02	103676
HHSC	A04	30473
HHSC	A05	53900
HHSC	A06	223003
HHSC	A07	262345
HHSC	A10	166062
HHSC	C01	464491
HHSC	C02	196733
HHSC	C03	183802
HHSC	C04	414803
HHSC	C05	286700
HHSC	B01	96715
HHSC	B02	274831
HHSC	B09	427100
HHSC	B08	333531
HHSC	B12	518832
HHSC	B13	170700
HHSC	D03	334703
HHSC	D01	641980
HHSC	D02	409345
HHSC	E01	1123040
HHSC	E04	38550
HHSC	E08	722067
HHSC	E10	31814
HHSC	F13	425800
HHSC	F03	643754
HHSC	F04	8150
HHSC	F05	137809
HHSC	F06	165700
HHSC	F07	1133833
HHSC	F09	1004783
HHSC	F10	1627635
HHSC	F11	526893
HHSC	N00	100775
HHSC	A09	154582
HHSC	N01	262179
HHSC	N02	453011
HHSC	N03	501922
HHSC	N04	136510
HHSC	N05	451317
HHSC	N06	81452
HHSC	N07	150050
HHSC	H01	1270088
HHSC	H02	378838
HHSC	H03	278345
HHSC	H04	537991
HHSC	W04	274985
HHSC	Q01	862998
HHSC	Q02	200226
HHSC	Q03	1634074
HHSC	Q04	54400
HHSC	Q05	366568
HHSC	Q13	231828
HHSC	Q09	143876
HHSC	Q14	6250
HHSC	Q15	18250
HHSC	Q08	90064
HHSC	Q11	45479
HHSC	K01	1863520
HHSC	K02	625686
HHSC	P05	262950
HHSC	P04	496400
HHSC	P01	621600
HHSC	P02	408575
HHSC	P03	665450
HHSC	N15	523818
HHSC	N13	193680
HHSC	N14	48275
HHSC	M01	630010
HHSC	M02	653380
HHSC	M03	176728
HHSC	M04	368525
HHSC	M05	94900
HHSC	N08	156627
HHSC	W06	2495427
HHSC	W03	162147
HHSC	W02	102526
HHSC	W05	15894
HHSC	Q16	501212
HHSC	Q12	0
HHSC	N16	26250
HINT	A01	600838
HINT	A02	54479
HINT	A04	103016
HINT	A05	16705
HINT	A06	106878
HINT	A07	248719
HINT	A10	92573
HINT	C01	559224
HINT	C02	226232
HINT	C03	284806
HINT	C04	469898
HINT	C05	312458
HINT	B01	212745
HINT	B02	653236
HINT	B09	520964
HINT	B08	371931
HINT	B12	837134
HINT	B13	300332
HINT	D03	278605
HINT	D01	692776
HINT	D02	352011
HINT	E01	790264
HINT	E04	26270
HINT	E08	639926
HINT	E10	76867
HINT	F13	851381
HINT	F03	742106
HINT	F04	14665
HINT	F05	265472
HINT	F06	333643
HINT	F07	2604724
HINT	F09	1540288
HINT	F10	3122849
HINT	F11	730733
HINT	N00	88730
HINT	A09	297712
HINT	N01	356008
HINT	N02	528227
HINT	N03	593652
HINT	N04	147339
HINT	N05	669933
HINT	N06	195956
HINT	N07	270383
HINT	H01	1944398
HINT	H02	515805
HINT	H03	379954
HINT	H04	776859
HINT	W04	592261
HINT	Q01	1275324
HINT	Q02	1268358
HINT	Q03	1532126
HINT	Q04	199615
HINT	Q05	1517628
HINT	Q13	209196
HINT	Q09	455306
HINT	Q14	42335
HINT	Q15	54420
HINT	Q08	6800
HINT	Q11	132985
HINT	K01	2804179
HINT	K02	707742
HINT	P05	280845
HINT	P04	832281
HINT	P01	915580
HINT	P02	555600
HINT	P03	761755
HINT	N15	896243
HINT	N13	217470
HINT	N14	39400
HINT	M01	583357
HINT	M02	711143
HINT	M03	149102
HINT	M04	331754
HINT	M05	173060
HINT	N08	289052
HINT	W06	4144053
HINT	W03	318559
HINT	W02	279358
HINT	W05	28169
HINT	Q16	395105
HINT	Q12	0
HINT	N16	37005
HJUD	A01	425828
HJUD	A02	76080
HJUD	A04	79400
HJUD	A05	55450
HJUD	A06	177760
HJUD	A07	273696
HJUD	A10	112267
HJUD	C01	487775
HJUD	C02	243265
HJUD	C03	162078
HJUD	C04	387111
HJUD	C05	193315
HJUD	B01	234341
HJUD	B02	1196898
HJUD	B09	939004
HJUD	B08	409410
HJUD	B12	1236581
HJUD	B13	620805
HJUD	D03	246505
HJUD	D01	449994
HJUD	D02	242570
HJUD	E01	918845
HJUD	E04	39500
HJUD	E08	609549
HJUD	E10	47980
HJUD	F13	681001
HJUD	F03	546121
HJUD	F04	18550
HJUD	F05	144336
HJUD	F06	219830
HJUD	F07	1509761
HJUD	F09	996403
HJUD	F10	2103745
HJUD	F11	674271
HJUD	N00	133000
HJUD	A09	238433
HJUD	N01	324978
HJUD	N02	528790
HJUD	N03	751612
HJUD	N04	80445
HJUD	N05	572981
HJUD	N06	301964
HJUD	N07	254950
HJUD	H01	1161057
HJUD	H02	282232
HJUD	H03	258643
HJUD	H04	872737
HJUD	W04	319717
HJUD	Q01	1151676
HJUD	Q02	399681
HJUD	Q03	1310752
HJUD	Q04	64465
HJUD	Q05	459119
HJUD	Q13	215532
HJUD	Q09	203285
HJUD	Q14	34864
HJUD	Q15	74308
HJUD	Q08	14854
HJUD	Q11	118100
HJUD	K01	2556620
HJUD	K02	807758
HJUD	P05	335350
HJUD	P04	476550
HJUD	P01	492000
HJUD	P02	418525
HJUD	P03	462250
HJUD	N15	752455
HJUD	N13	222635
HJUD	N14	31840
HJUD	M01	441769
HJUD	M02	727475
HJUD	M03	106640
HJUD	M04	406549
HJUD	M05	91880
HJUD	N08	296984
HJUD	W06	3059532
HJUD	W03	170714
HJUD	W02	172790
HJUD	W05	22395
HJUD	Q16	381612
HJUD	Q12	0
HJUD	N16	42475
HRES	A01	1213237
HRES	A02	59946
HRES	A04	212342
HRES	A05	97435
HRES	A06	280052
HRES	A07	443999
HRES	A10	472299
HRES	C01	556868
HRES	C02	252240
HRES	C03	198549
HRES	C04	459762
HRES	C05	372310
HRES	B01	77627
HRES	B02	186075
HRES	B09	364005
HRES	B08	326395
HRES	B12	306806
HRES	B13	89436
HRES	D03	296200
HRES	D01	651391
HRES	D02	427825
HRES	E01	1689415
HRES	E04	280076
HRES	E08	686416
HRES	E10	34554
HRES	F13	361134
HRES	F03	430644
HRES	F04	7750
HRES	F05	140250
HRES	F06	91913
HRES	F07	643186
HRES	F09	896862
HRES	F10	1578447
HRES	F11	288498
HRES	N00	71350
HRES	A09	282841
HRES	N01	471139
HRES	N02	477616
HRES	N03	402421
HRES	N04	74988
HRES	N05	413677
HRES	N06	68475
HRES	N07	992325
HRES	H01	1772825
HRES	H02	484491
HRES	H03	288994
HRES	H04	433416
HRES	W04	288541
HRES	Q01	1454605
HRES	Q02	289873
HRES	Q03	2248078
HRES	Q04	62850
HRES	Q05	315425
HRES	Q13	229516
HRES	Q09	277803
HRES	Q14	34000
HRES	Q15	35760
HRES	Q08	59140
HRES	Q11	206517
HRES	K01	1882334
HRES	K02	664613
HRES	P05	220000
HRES	P04	693307
HRES	P01	624475
HRES	P02	431000
HRES	P03	795500
HRES	N15	298270
HRES	N13	196900
HRES	N14	48850
HRES	M01	447917
HRES	M02	663824
HRES	M03	247901
HRES	M04	457998
HRES	M05	295567
HRES	N08	172076
HRES	W06	2782248
HRES	W03	165980
HRES	W02	126414
HRES	W05	17227
HRES	Q16	594934
HRES	Q12	0
HRES	N16	15750
HRUL	A01	143750
HRUL	A02	61148
HRUL	A04	23500
HRUL	A05	24000
HRUL	A06	76250
HRUL	A07	75958
HRUL	A10	14400
HRUL	C01	123575
HRUL	C02	68000
HRUL	C03	63753
HRUL	C04	71330
HRUL	C05	140450
HRUL	B01	46450
HRUL	B02	88575
HRUL	B09	156920
HRUL	B08	121050
HRUL	B12	221383
HRUL	B13	69700
HRUL	D03	30500
HRUL	D01	175600
HRUL	D02	124025
HRUL	E01	403060
HRUL	E04	40475
HRUL	E08	239650
HRUL	E10	2500
HRUL	F13	268775
HRUL	F03	458165
HRUL	F04	5400
HRUL	F05	74800
HRUL	F06	264650
HRUL	F07	593275
HRUL	F09	674004
HRUL	F10	632520
HRUL	F11	197452
HRUL	N00	46400
HRUL	A09	90958
HRUL	N01	168625
HRUL	N02	150079
HRUL	N03	296493
HRUL	N04	58775
HRUL	N05	156086
HRUL	N06	61386
HRUL	N07	220500
HRUL	H01	1062578
HRUL	H02	182056
HRUL	H03	171550
HRUL	H04	369328
HRUL	W04	299502
HRUL	Q01	107010
HRUL	Q02	67771
HRUL	Q03	336782
HRUL	Q04	20000
HRUL	Q05	115293
HRUL	Q13	30000
HRUL	Q09	84187
HRUL	Q14	6140
HRUL	Q15	13438
HRUL	Q08	45114
HRUL	Q11	35135
HRUL	K01	691925
HRUL	K02	322916
HRUL	P05	67000
HRUL	P04	137000
HRUL	P01	142200
HRUL	P02	121050
HRUL	P03	181500
HRUL	N15	225688
HRUL	N13	67050
HRUL	N14	25150
HRUL	M01	194786
HRUL	M02	235150
HRUL	M03	43650
HRUL	M04	168850
HRUL	M05	7500
HRUL	N08	83400
HRUL	W06	550857
HRUL	W03	57905
HRUL	W02	78680
HRUL	W05	3750
HRUL	Q16	84330
HRUL	Q12	0
HRUL	N16	13500
HSCI	A01	613264
HSCI	A02	68229
HSCI	A04	133017
HSCI	A05	74705
HSCI	A06	177958
HSCI	A07	413164
HSCI	A10	245620
HSCI	C01	452500
HSCI	C02	216638
HSCI	C03	162884
HSCI	C04	501251
HSCI	C05	324268
HSCI	B01	162745
HSCI	B02	380593
HSCI	B09	413891
HSCI	B08	293654
HSCI	B12	905469
HSCI	B13	309444
HSCI	D03	285492
HSCI	D01	709055
HSCI	D02	414006
HSCI	E01	1034367
HSCI	E04	71570
HSCI	E08	630829
HSCI	E10	13773
HSCI	F13	481608
HSCI	F03	735093
HSCI	F04	17273
HSCI	F05	170752
HSCI	F06	236021
HSCI	F07	1493403
HSCI	F09	1250223
HSCI	F10	1810176
HSCI	F11	608779
HSCI	N00	78069
HSCI	A09	235433
HSCI	N01	290049
HSCI	N02	495718
HSCI	N03	426390
HSCI	N04	174722
HSCI	N05	588061
HSCI	N06	132189
HSCI	N07	152423
HSCI	H01	1744124
HSCI	H02	314816
HSCI	H03	291198
HSCI	H04	628627
HSCI	W04	554327
HSCI	Q01	411941
HSCI	Q02	1325748
HSCI	Q03	1781483
HSCI	Q04	48520
HSCI	Q05	365802
HSCI	Q13	140367
HSCI	Q09	400045
HSCI	Q14	23300
HSCI	Q15	59625
HSCI	Q08	626220
HSCI	Q11	162635
HSCI	K01	2079330
HSCI	K02	768443
HSCI	P05	157770
HSCI	P04	437563
HSCI	P01	406580
HSCI	P02	292165
HSCI	P03	550790
HSCI	N15	632728
HSCI	N13	301549
HSCI	N14	79261
HSCI	M01	685259
HSCI	M02	655093
HSCI	M03	113961
HSCI	M04	436440
HSCI	M05	109475
HSCI	N08	223585
HSCI	W06	2600084
HSCI	W03	240662
HSCI	W02	321753
HSCI	W05	23987
HSCI	Q16	481380
HSCI	Q12	6340
HSCI	N16	12041
HSMA	A01	402879
HSMA	A02	54480
HSMA	A04	50173
HSMA	A05	27000
HSMA	A06	160775
HSMA	A07	205991
HSMA	A10	73925
HSMA	C01	399697
HSMA	C02	124382
HSMA	C03	164233
HSMA	C04	192348
HSMA	C05	271595
HSMA	B01	28125
HSMA	B02	127250
HSMA	B09	248650
HSMA	B08	175200
HSMA	B12	217242
HSMA	B13	87650
HSMA	D03	47650
HSMA	D01	158175
HSMA	D02	98025
HSMA	E01	586546
HSMA	E04	60200
HSMA	E08	397024
HSMA	E10	14575
HSMA	F13	310245
HSMA	F03	612675
HSMA	F04	12350
HSMA	F05	73500
HSMA	F06	236950
HSMA	F07	859765
HSMA	F09	1052628
HSMA	F10	1129465
HSMA	F11	319872
HSMA	N00	123550
HSMA	A09	142400
HSMA	N01	283253
HSMA	N02	216022
HSMA	N03	247137
HSMA	N04	61660
HSMA	N05	214361
HSMA	N06	71300
HSMA	N07	168834
HSMA	H01	608094
HSMA	H02	155882
HSMA	H03	144825
HSMA	H04	153968
HSMA	W04	145526
HSMA	Q01	501371
HSMA	Q02	13266
HSMA	Q03	1921395
HSMA	Q04	162349
HSMA	Q05	240400
HSMA	Q13	142898
HSMA	Q09	56790
HSMA	Q14	11060
HSMA	Q15	17267
HSMA	Q08	19150
HSMA	Q11	21400
HSMA	K01	750976
HSMA	K02	323398
HSMA	P05	93700
HSMA	P04	240000
HSMA	P01	270800
HSMA	P02	170625
HSMA	P03	247500
HSMA	N15	340971
HSMA	N13	73700
HSMA	N14	58425
HSMA	M01	291385
HSMA	M02	437668
HSMA	M03	115835
HSMA	M04	196849
HSMA	M05	69050
HSMA	N08	118116
HSMA	W06	1220536
HSMA	W03	69886
HSMA	W02	51791
HSMA	W05	7618
HSMA	Q16	538154
HSMA	Q12	0
HSMA	N16	16200
HTRA	A01	1530002
HTRA	A02	162872
HTRA	A04	243599
HTRA	A05	119108
HTRA	A06	257169
HTRA	A07	835351
HTRA	A10	301438
HTRA	C01	1126589
HTRA	C02	138576
HTRA	C03	519038
HTRA	C04	1491197
HTRA	C05	1268091
HTRA	B01	383814
HTRA	B02	653452
HTRA	B09	642329
HTRA	B08	551089
HTRA	B12	661585
HTRA	B13	386354
HTRA	D03	265429
HTRA	D01	475023
HTRA	D02	351928
HTRA	E01	1792375
HTRA	E04	151852
HTRA	E08	1072106
HTRA	E10	41124
HTRA	F13	728622
HTRA	F03	787365
HTRA	F04	9269
HTRA	F05	236951
HTRA	F06	209514
HTRA	F07	2756178
HTRA	F09	2091732
HTRA	F10	3501968
HTRA	F11	685135
HTRA	N00	178702
HTRA	A09	475592
HTRA	N01	782151
HTRA	N02	947210
HTRA	N03	845095
HTRA	N04	232602
HTRA	N05	1229452
HTRA	N06	172840
HTRA	N07	775919
HTRA	H01	2454654
HTRA	H02	676554
HTRA	H03	495914
HTRA	H04	943867
HTRA	W04	987083
HTRA	Q01	760854
HTRA	Q02	1820172
HTRA	Q03	4679010
HTRA	Q04	294935
HTRA	Q05	968148
HTRA	Q13	277447
HTRA	Q09	611342
HTRA	Q14	44635
HTRA	Q15	136255
HTRA	Q08	1700856
HTRA	Q11	256046
HTRA	K01	4111231
HTRA	K02	1556079
HTRA	P05	410378
HTRA	P04	1386749
HTRA	P01	1406375
HTRA	P02	880060
HTRA	P03	2518865
HTRA	N15	878977
HTRA	N13	428453
HTRA	N14	134925
HTRA	M01	2814250
HTRA	M02	1013953
HTRA	M03	1018301
HTRA	M04	1785433
HTRA	M05	706434
HTRA	N08	419101
HTRA	W06	3934280
HTRA	W03	373800
HTRA	W02	342921
HTRA	W05	57525
HTRA	Q16	1308337
HTRA	Q12	6050
HTRA	N16	52357
HVET	A01	368628
HVET	A02	25500
HVET	A04	44947
HVET	A05	33160
HVET	A06	74185
HVET	A07	280152
HVET	A10	94110
HVET	C01	282448
HVET	C02	104065
HVET	C03	101542
HVET	C04	207054
HVET	C05	176147
HVET	B01	110888
HVET	B02	216748
HVET	B09	328061
HVET	B08	215786
HVET	B12	178640
HVET	B13	54129
HVET	D03	78200
HVET	D01	322632
HVET	D02	213125
HVET	E01	504666
HVET	E04	130970
HVET	E08	278940
HVET	E10	25705
HVET	F13	385740
HVET	F03	441543
HVET	F04	4100
HVET	F05	105159
HVET	F06	69250
HVET	F07	1209359
HVET	F09	742803
HVET	F10	1465097
HVET	F11	285662
HVET	N00	49050
HVET	A09	129755
HVET	N01	301875
HVET	N02	257161
HVET	N03	329094
HVET	N04	109251
HVET	N05	399697
HVET	N06	69340
HVET	N07	275265
HVET	H01	1728218
HVET	H02	383793
HVET	H03	342775
HVET	H04	531395
HVET	W04	357408
HVET	Q01	374326
HVET	Q02	542378
HVET	Q03	2107791
HVET	Q04	41550
HVET	Q05	479820
HVET	Q13	121273
HVET	Q09	355610
HVET	Q14	11296
HVET	Q15	48500
HVET	Q08	379006
HVET	Q11	167551
HVET	K01	1261877
HVET	K02	301512
HVET	P05	146050
HVET	P04	366900
HVET	P01	377000
HVET	P02	261125
HVET	P03	465544
HVET	N15	505324
HVET	N13	84700
HVET	N14	24925
HVET	M01	283010
HVET	M02	377911
HVET	M03	131490
HVET	M04	210647
HVET	M05	44950
HVET	N08	125077
HVET	W06	2309460
HVET	W03	102341
HVET	W02	99671
HVET	W05	19958
HVET	Q16	648726
HVET	Q12	4774
HVET	N16	3900
HWAY	A01	1014929
HWAY	A02	264171
HWAY	A04	208557
HWAY	A05	32600
HWAY	A06	216673
HWAY	A07	533625
HWAY	A10	257143
HWAY	C01	991260
HWAY	C02	379533
HWAY	C03	447626
HWAY	C04	708592
HWAY	C05	773483
HWAY	B01	143440
HWAY	B02	518065
HWAY	B09	639825
HWAY	B08	558625
HWAY	B12	1008052
HWAY	B13	341034
HWAY	D03	140075
HWAY	D01	875710
HWAY	D02	387250
HWAY	E01	2091961
HWAY	E04	142750
HWAY	E08	1360419
HWAY	E10	39300
HWAY	F13	1169869
HWAY	F03	1725491
HWAY	F04	35150
HWAY	F05	282450
HWAY	F06	378500
HWAY	F07	3912861
HWAY	F09	5886685
HWAY	F10	3531185
HWAY	F11	1680147
HWAY	N00	262913
HWAY	A09	502815
HWAY	N01	968329
HWAY	N02	1257150
HWAY	N03	1301903
HWAY	N04	273675
HWAY	N05	901043
HWAY	N06	182100
HWAY	N07	489549
HWAY	H01	4852666
HWAY	H02	1840825
HWAY	H03	1646255
HWAY	H04	3259749
HWAY	W04	343698
HWAY	Q01	492525
HWAY	Q02	69538
HWAY	Q03	2127939
HWAY	Q04	36650
HWAY	Q05	413066
HWAY	Q13	188811
HWAY	Q09	118478
HWAY	Q14	17653
HWAY	Q15	5505
HWAY	Q08	17931
HWAY	Q11	85280
HWAY	K01	3058445
HWAY	K02	2084578
HWAY	P05	181050
HWAY	P04	681964
HWAY	P01	716890
HWAY	P02	357500
HWAY	P03	605480
HWAY	N15	1723918
HWAY	N13	612650
HWAY	N14	180100
HWAY	M01	843556
HWAY	M02	1113558
HWAY	M03	232644
HWAY	M04	625355
HWAY	M05	284750
HWAY	N08	241755
HWAY	W06	3085992
HWAY	W03	158107
HWAY	W02	216715
HWAY	W05	14050
HWAY	Q16	787303
HWAY	Q12	0
HWAY	N16	80950
SAGR	A01	919683
SAGR	A02	101225
SAGR	A04	229130
SAGR	A05	128855
SAGR	A06	152494
SAGR	A07	881924
SAGR	A10	222843
SAGR	C01	362597
SAGR	C02	169975
SAGR	C03	116021
SAGR	C04	337090
SAGR	C05	228837
SAGR	B01	383180
SAGR	B02	1069444
SAGR	B09	653500
SAGR	B08	296349
SAGR	B12	625597
SAGR	B13	376806
SAGR	D03	117773
SAGR	D01	353291
SAGR	D02	186081
SAGR	E01	1141275
SAGR	E04	136433
SAGR	E08	718910
SAGR	E10	11386
SAGR	F13	886053
SAGR	F03	989241
SAGR	F04	52058
SAGR	F05	90175
SAGR	F06	280007
SAGR	F07	3953607
SAGR	F09	1890761
SAGR	F10	2179858
SAGR	F11	434830
SAGR	N00	79989
SAGR	A09	519105
SAGR	N01	374957
SAGR	N02	285264
SAGR	N03	703470
SAGR	N04	146603
SAGR	N05	790201
SAGR	N06	168220
SAGR	N07	271085
SAGR	H01	1588474
SAGR	H02	765807
SAGR	H03	582151
SAGR	H04	1258771
SAGR	W04	781611
SAGR	Q01	328708
SAGR	Q02	987999
SAGR	Q03	2034475
SAGR	Q04	105950
SAGR	Q05	600549
SAGR	Q13	143805
SAGR	Q09	163013
SAGR	Q14	20025
SAGR	Q15	71508
SAGR	Q08	33374
SAGR	Q11	521949
SAGR	K01	4411988
SAGR	K02	1774689
SAGR	P05	51801
SAGR	P04	197435
SAGR	P01	123500
SAGR	P02	72875
SAGR	P03	135096
SAGR	N15	672328
SAGR	N13	328823
SAGR	N14	118453
SAGR	M01	503555
SAGR	M02	409816
SAGR	M03	239375
SAGR	M04	267339
SAGR	M05	163350
SAGR	N08	285652
SAGR	W06	3458992
SAGR	W03	325949
SAGR	W02	471888
SAGR	W05	29478
SAGR	Q16	45789
SAGR	Q12	42027
SAGR	N16	21050
SAPP	A01	980432
SAPP	A02	109505
SAPP	A04	131900
SAPP	A05	105950
SAPP	A06	206330
SAPP	A07	659116
SAPP	A10	365198
SAPP	C01	662671
SAPP	C02	199897
SAPP	C03	189935
SAPP	C04	566179
SAPP	C05	390316
SAPP	B01	253118
SAPP	B02	808476
SAPP	B09	790085
SAPP	B08	329888
SAPP	B12	833260
SAPP	B13	472749
SAPP	D03	319450
SAPP	D01	718744
SAPP	D02	435786
SAPP	E01	2324812
SAPP	E04	317789
SAPP	E08	1172822
SAPP	E10	27274
SAPP	F13	1135583
SAPP	F03	1583505
SAPP	F04	24470
SAPP	F05	140105
SAPP	F06	506982
SAPP	F07	3981609
SAPP	F09	2001944
SAPP	F10	2690436
SAPP	F11	608790
SAPP	N00	142843
SAPP	A09	577921
SAPP	N01	681053
SAPP	N02	466274
SAPP	N03	796318
SAPP	N04	243939
SAPP	N05	973946
SAPP	N06	215902
SAPP	N07	534370
SAPP	H01	2074784
SAPP	H02	820867
SAPP	H03	570236
SAPP	H04	1541397
SAPP	W04	664746
SAPP	Q01	500031
SAPP	Q02	347424
SAPP	Q03	3291535
SAPP	Q04	147900
SAPP	Q05	1236809
SAPP	Q13	195540
SAPP	Q09	295051
SAPP	Q14	2000
SAPP	Q15	119029
SAPP	Q08	443610
SAPP	Q11	308396
SAPP	K01	4160745
SAPP	K02	2144770
SAPP	P05	59252
SAPP	P04	356732
SAPP	P01	266975
SAPP	P02	120026
SAPP	P03	294863
SAPP	N15	896816
SAPP	N13	399045
SAPP	N14	89064
SAPP	M01	827822
SAPP	M02	757070
SAPP	M03	322213
SAPP	M04	572668
SAPP	M05	458891
SAPP	N08	402955
SAPP	W06	4700579
SAPP	W03	383785
SAPP	W02	383770
SAPP	W05	26911
SAPP	Q16	77269
SAPP	Q12	0
SAPP	N16	61485
SARM	A01	843779
SARM	A02	126005
SARM	A04	127516
SARM	A05	46750
SARM	A06	455816
SARM	A07	452175
SARM	A10	174912
SARM	C01	1182847
SARM	C02	222982
SARM	C03	590498
SARM	C04	773758
SARM	C05	423031
SARM	B01	508704
SARM	B02	1012718
SARM	B09	782234
SARM	B08	353866
SARM	B12	1238531
SARM	B13	429832
SARM	D03	446763
SARM	D01	637131
SARM	D02	604848
SARM	E01	2259373
SARM	E04	350120
SARM	E08	751475
SARM	E10	52007
SARM	F13	1913816
SARM	F03	1073287
SARM	F04	34466
SARM	F05	64136
SARM	F06	282497
SARM	F07	5423811
SARM	F09	1980894
SARM	F10	4692440
SARM	F11	707087
SARM	N00	91623
SARM	A09	374690
SARM	N01	712835
SARM	N02	380488
SARM	N03	774490
SARM	N04	374442
SARM	N05	1806872
SARM	N06	412367
SARM	N07	290380
SARM	H01	2911985
SARM	H02	958481
SARM	H03	668909
SARM	H04	1161215
SARM	W04	1426914
SARM	Q01	4717071
SARM	Q02	173626
SARM	Q03	1759086
SARM	Q04	125950
SARM	Q05	1521893
SARM	Q13	463490
SARM	Q09	176809
SARM	Q14	51473
SARM	Q15	49428
SARM	Q08	64654
SARM	Q11	181833
SARM	K01	6057281
SARM	K02	1400936
SARM	P05	45710
SARM	P04	151838
SARM	P01	80291
SARM	P02	96909
SARM	P03	238985
SARM	N15	1375029
SARM	N13	386716
SARM	N14	173159
SARM	M01	966610
SARM	M02	849404
SARM	M03	459899
SARM	M04	386337
SARM	M05	429433
SARM	N08	510868
SARM	W06	18806634
SARM	W03	982603
SARM	W02	418821
SARM	W05	283764
SARM	Q16	75900
SARM	Q12	21244
SARM	N16	104654
SBAN	A01	510000
SBAN	A02	131385
SBAN	A04	101825
SBAN	A05	49945
SBAN	A06	146181
SBAN	A07	432090
SBAN	A10	178595
SBAN	C01	597432
SBAN	C02	242453
SBAN	C03	263972
SBAN	C04	455031
SBAN	C05	432700
SBAN	B01	334149
SBAN	B02	822842
SBAN	B09	456180
SBAN	B08	200755
SBAN	B12	965929
SBAN	B13	487978
SBAN	D03	183690
SBAN	D01	563449
SBAN	D02	250740
SBAN	E01	1226718
SBAN	E04	201273
SBAN	E08	818755
SBAN	E10	22891
SBAN	F13	1627259
SBAN	F03	2323218
SBAN	F04	48903
SBAN	F05	165558
SBAN	F06	984027
SBAN	F07	6930972
SBAN	F09	3376910
SBAN	F10	3678901
SBAN	F11	833492
SBAN	N00	133302
SBAN	A09	521211
SBAN	N01	465822
SBAN	N02	482175
SBAN	N03	751990
SBAN	N04	275352
SBAN	N05	904633
SBAN	N06	278266
SBAN	N07	468224
SBAN	H01	1810101
SBAN	H02	820752
SBAN	H03	911041
SBAN	H04	1447131
SBAN	W04	672420
SBAN	Q01	1485510
SBAN	Q02	805162
SBAN	Q03	2106651
SBAN	Q04	99800
SBAN	Q05	1254739
SBAN	Q13	185553
SBAN	Q09	122725
SBAN	Q14	27570
SBAN	Q15	47081
SBAN	Q08	5650
SBAN	Q11	142523
SBAN	K01	4307977
SBAN	K02	1752590
SBAN	P05	34725
SBAN	P04	196339
SBAN	P01	133500
SBAN	P02	112677
SBAN	P03	208592
SBAN	N15	1016942
SBAN	N13	415085
SBAN	N14	149333
SBAN	M01	501122
SBAN	M02	547485
SBAN	M03	195879
SBAN	M04	452193
SBAN	M05	136905
SBAN	N08	350651
SBAN	W06	5410896
SBAN	W03	247584
SBAN	W02	369138
SBAN	W05	35458
SBAN	Q16	92000
SBAN	Q12	0
SBAN	N16	27690
SBUD	A01	1081760
SBUD	A02	192506
SBUD	A04	224174
SBUD	A05	80193
SBUD	A06	201970
SBUD	A07	856331
SBUD	A10	499744
SBUD	C01	1326577
SBUD	C02	330089
SBUD	C03	747678
SBUD	C04	1242786
SBUD	C05	808269
SBUD	B01	1670382
SBUD	B02	2333671
SBUD	B09	819705
SBUD	B08	517945
SBUD	B12	3636487
SBUD	B13	1389398
SBUD	D03	326906
SBUD	D01	641345
SBUD	D02	371846
SBUD	E01	2088796
SBUD	E04	365071
SBUD	E08	1122399
SBUD	E10	86498
SBUD	F13	2724348
SBUD	F03	2176848
SBUD	F04	76525
SBUD	F05	132352
SBUD	F06	584403
SBUD	F07	8838457
SBUD	F09	3613002
SBUD	F10	5522657
SBUD	F11	1090854
SBUD	N00	226526
SBUD	A09	1090316
SBUD	N01	1274542
SBUD	N02	695120
SBUD	N03	1655176
SBUD	N04	849068
SBUD	N05	3068839
SBUD	N06	549716
SBUD	N07	464546
SBUD	H01	5086738
SBUD	H02	2884288
SBUD	H03	1469261
SBUD	H04	2379435
SBUD	W04	7626863
SBUD	Q01	2779017
SBUD	Q02	21434075
SBUD	Q03	3437211
SBUD	Q04	80911
SBUD	Q05	1644933
SBUD	Q13	399803
SBUD	Q09	536112
SBUD	Q14	61956
SBUD	Q15	142660
SBUD	Q08	830565
SBUD	Q11	506922
SBUD	K01	7904510
SBUD	K02	2222235
SBUD	P05	119348
SBUD	P04	201945
SBUD	P01	95055
SBUD	P02	133724
SBUD	P03	222385
SBUD	N15	2401658
SBUD	N13	787941
SBUD	N14	240546
SBUD	M01	1146088
SBUD	M02	1219883
SBUD	M03	485387
SBUD	M04	521768
SBUD	M05	382434
SBUD	N08	716564
SBUD	W06	16420123
SBUD	W03	2744352
SBUD	W02	918999
SBUD	W05	228683
SBUD	Q16	149043
SBUD	Q12	72598
SBUD	N16	144305
SCOM	A01	1626299
SCOM	A02	172059
SCOM	A04	254576
SCOM	A05	77700
SCOM	A06	655962
SCOM	A07	947115
SCOM	A10	293690
SCOM	C01	1876967
SCOM	C02	364949
SCOM	C03	938902
SCOM	C04	1173336
SCOM	C05	911336
SCOM	B01	714341
SCOM	B02	1323214
SCOM	B09	1359595
SCOM	B08	592223
SCOM	B12	1689441
SCOM	B13	582052
SCOM	D03	398775
SCOM	D01	578723
SCOM	D02	511657
SCOM	E01	3348679
SCOM	E04	510678
SCOM	E08	907021
SCOM	E10	72504
SCOM	F13	3140183
SCOM	F03	1737772
SCOM	F04	53044
SCOM	F05	120314
SCOM	F06	438898
SCOM	F07	8521560
SCOM	F09	3147274
SCOM	F10	7774075
SCOM	F11	1217349
SCOM	N00	200615
SCOM	A09	857772
SCOM	N01	1289278
SCOM	N02	674270
SCOM	N03	1329477
SCOM	N04	585791
SCOM	N05	2736083
SCOM	N06	472536
SCOM	N07	514274
SCOM	H01	4552751
SCOM	H02	1544174
SCOM	H03	859491
SCOM	H04	1738252
SCOM	W04	1822711
SCOM	Q01	6469927
SCOM	Q02	150067
SCOM	Q03	3094894
SCOM	Q04	389269
SCOM	Q05	1684682
SCOM	Q13	771064
SCOM	Q09	242335
SCOM	Q14	88185
SCOM	Q15	65498
SCOM	Q08	110969
SCOM	Q11	278937
SCOM	K01	7651383
SCOM	K02	2425950
SCOM	P05	59786
SCOM	P04	269948
SCOM	P01	146391
SCOM	P02	109886
SCOM	P03	317747
SCOM	N15	2184675
SCOM	N13	676810
SCOM	N14	207759
SCOM	M01	1452866
SCOM	M02	1604146
SCOM	M03	694764
SCOM	M04	752287
SCOM	M05	586759
SCOM	N08	827572
SCOM	W06	30203180
SCOM	W03	1238583
SCOM	W02	592049
SCOM	W05	341049
SCOM	Q16	125548
SCOM	Q12	25194
SCOM	N16	87071
SENE	A01	828110
SENE	A02	46515
SENE	A04	133329
SENE	A05	29948
SENE	A06	120687
SENE	A07	511810
SENE	A10	316985
SENE	C01	796193
SENE	C02	220029
SENE	C03	570170
SENE	C04	1004392
SENE	C05	353421
SENE	B01	1367226
SENE	B02	1954713
SENE	B09	544618
SENE	B08	402058
SENE	B12	3043514
SENE	B13	1246905
SENE	D03	220868
SENE	D01	445144
SENE	D02	271427
SENE	E01	1941159
SENE	E04	375382
SENE	E08	1066533
SENE	E10	54583
SENE	F13	1312525
SENE	F03	957917
SENE	F04	28473
SENE	F05	86429
SENE	F06	237172
SENE	F07	3689493
SENE	F09	1903575
SENE	F10	3249451
SENE	F11	743556
SENE	N00	109943
SENE	A09	622863
SENE	N01	896932
SENE	N02	426230
SENE	N03	1162613
SENE	N04	678664
SENE	N05	2237149
SENE	N06	370026
SENE	N07	327724
SENE	H01	3770818
SENE	H02	2342900
SENE	H03	935690
SENE	H04	1460916
SENE	W04	7177720
SENE	Q01	981484
SENE	Q02	21699038
SENE	Q03	1679810
SENE	Q04	107711
SENE	Q05	763422
SENE	Q13	170095
SENE	Q09	450755
SENE	Q14	5441
SENE	Q15	50971
SENE	Q08	383670
SENE	Q11	340062
SENE	K01	4876377
SENE	K02	1273756
SENE	P05	122250
SENE	P04	151529
SENE	P01	87080
SENE	P02	173191
SENE	P03	155856
SENE	N15	1487026
SENE	N13	606957
SENE	N14	148724
SENE	M01	761350
SENE	M02	778205
SENE	M03	195673
SENE	M04	316410
SENE	M05	313193
SENE	N08	537832
SENE	W06	8011601
SENE	W03	2532460
SENE	W02	610769
SENE	W05	211940
SENE	Q16	54623
SENE	Q12	72598
SENE	N16	73743
SENV	A01	556732
SENV	A02	15912
SENV	A04	67610
SENV	A05	37293
SENV	A06	141676
SENV	A07	334607
SENV	A10	213366
SENV	C01	600226
SENV	C02	80113
SENV	C03	473727
SENV	C04	863390
SENV	C05	193003
SENV	B01	1229045
SENV	B02	1674567
SENV	B09	358383
SENV	B08	293411
SENV	B12	2513321
SENV	B13	1016759
SENV	D03	121580
SENV	D01	390501
SENV	D02	177832
SENV	E01	579375
SENV	E04	70114
SENV	E08	458254
SENV	E10	25698
SENV	F13	732057
SENV	F03	815717
SENV	F04	14885
SENV	F05	70285
SENV	F06	274518
SENV	F07	1763426
SENV	F09	1204992
SENV	F10	1835482
SENV	F11	470939
SENV	N00	56649
SENV	A09	373772
SENV	N01	579445
SENV	N02	234983
SENV	N03	753164
SENV	N04	599985
SENV	N05	1794406
SENV	N06	73734
SENV	N07	185264
SENV	H01	3194416
SENV	H02	1606399
SENV	H03	550128
SENV	H04	789893
SENV	W04	6747509
SENV	Q01	73043
SENV	Q02	21052845
SENV	Q03	696499
SENV	Q04	33361
SENV	Q05	263356
SENV	Q13	59994
SENV	Q09	338911
SENV	Q14	3741
SENV	Q15	29268
SENV	Q08	371408
SENV	Q11	223648
SENV	K01	3116783
SENV	K02	607843
SENV	P05	93621
SENV	P04	98374
SENV	P01	57430
SENV	P02	112561
SENV	P03	92855
SENV	N15	591749
SENV	N13	295192
SENV	N14	52571
SENV	M01	484505
SENV	M02	384739
SENV	M03	152141
SENV	M04	369960
SENV	M05	237185
SENV	N08	231564
SENV	W06	4921014
SENV	W03	2382498
SENV	W02	439699
SENV	W05	212974
SENV	Q16	36282
SENV	Q12	72598
SENV	N16	16698
SFIN	A01	1044861
SFIN	A02	388282
SFIN	A04	294924
SFIN	A05	137750
SFIN	A06	253733
SFIN	A07	947546
SFIN	A10	472447
SFIN	C01	1091589
SFIN	C02	484811
SFIN	C03	411480
SFIN	C04	720229
SFIN	C05	856971
SFIN	B01	673456
SFIN	B02	1662539
SFIN	B09	997571
SFIN	B08	452818
SFIN	B12	1878108
SFIN	B13	810862
SFIN	D03	180271
SFIN	D01	594420
SFIN	D02	271203
SFIN	E01	2198898
SFIN	E04	395492
SFIN	E08	1612457
SFIN	E10	56686
SFIN	F13	2866532
SFIN	F03	2595160
SFIN	F04	96543
SFIN	F05	178135
SFIN	F06	917912
SFIN	F07	11012819
SFIN	F09	5251140
SFIN	F10	6540011
SFIN	F11	1337226
SFIN	N00	257091
SFIN	A09	1054835
SFIN	N01	992432
SFIN	N02	852404
SFIN	N03	1692072
SFIN	N04	373364
SFIN	N05	1832467
SFIN	N06	643775
SFIN	N07	518093
SFIN	H01	3699592
SFIN	H02	2162406
SFIN	H03	1857808
SFIN	H04	3259998
SFIN	W04	1403281
SFIN	Q01	1913308
SFIN	Q02	1107128
SFIN	Q03	3950415
SFIN	Q04	188050
SFIN	Q05	1596837
SFIN	Q13	362629
SFIN	Q09	286958
SFIN	Q14	54795
SFIN	Q15	105199
SFIN	Q08	5900
SFIN	Q11	769692
SFIN	K01	8512410
SFIN	K02	3422381
SFIN	P05	51275
SFIN	P04	290188
SFIN	P01	168000
SFIN	P02	95691
SFIN	P03	234545
SFIN	N15	2367069
SFIN	N13	1005490
SFIN	N14	317688
SFIN	M01	997730
SFIN	M02	1184416
SFIN	M03	370997
SFIN	M04	547240
SFIN	M05	301625
SFIN	N08	748077
SFIN	W06	9380868
SFIN	W03	555846
SFIN	W02	797721
SFIN	W05	46703
SFIN	Q16	144150
SFIN	Q12	42027
SFIN	N16	129884
SFOR	A01	788254
SFOR	A02	143916
SFOR	A04	125442
SFOR	A05	87350
SFOR	A06	200701
SFOR	A07	312620
SFOR	A10	179840
SFOR	C01	926689
SFOR	C02	288753
SFOR	C03	448395
SFOR	C04	514345
SFOR	C05	627586
SFOR	B01	459759
SFOR	B02	619868
SFOR	B09	401761
SFOR	B08	184876
SFOR	B12	967258
SFOR	B13	305749
SFOR	D03	181283
SFOR	D01	180298
SFOR	D02	147158
SFOR	E01	1410938
SFOR	E04	275327
SFOR	E08	576863
SFOR	E10	37405
SFOR	F13	1981309
SFOR	F03	938579
SFOR	F04	13621
SFOR	F05	60529
SFOR	F06	222357
SFOR	F07	5337999
SFOR	F09	1793010
SFOR	F10	4759827
SFOR	F11	520129
SFOR	N00	115134
SFOR	A09	511766
SFOR	N01	741451
SFOR	N02	365054
SFOR	N03	802058
SFOR	N04	359415
SFOR	N05	1571516
SFOR	N06	296943
SFOR	N07	128515
SFOR	H01	2632304
SFOR	H02	674976
SFOR	H03	462876
SFOR	H04	949401
SFOR	W04	996202
SFOR	Q01	3066188
SFOR	Q02	154916
SFOR	Q03	1529832
SFOR	Q04	290419
SFOR	Q05	720841
SFOR	Q13	451104
SFOR	Q09	67453
SFOR	Q14	44481
SFOR	Q15	-2250
SFOR	Q08	21169
SFOR	Q11	51286
SFOR	K01	4420407
SFOR	K02	1287357
SFOR	P05	15250
SFOR	P04	47233
SFOR	P01	19000
SFOR	P02	30213
SFOR	P03	30013
SFOR	N15	1188736
SFOR	N13	373458
SFOR	N14	66317
SFOR	M01	590879
SFOR	M02	807654
SFOR	M03	214821
SFOR	M04	228674
SFOR	M05	117002
SFOR	N08	377415
SFOR	W06	15123225
SFOR	W03	479043
SFOR	W02	337659
SFOR	W05	87574
SFOR	Q16	89249
SFOR	Q12	3950
SFOR	N16	57013
SGOV	A01	453517
SGOV	A02	114911
SGOV	A04	149017
SGOV	A05	53350
SGOV	A06	143900
SGOV	A07	345609
SGOV	A10	185715
SGOV	C01	672958
SGOV	C02	295529
SGOV	C03	269062
SGOV	C04	356753
SGOV	C05	596217
SGOV	B01	294691
SGOV	B02	512113
SGOV	B09	494617
SGOV	B08	254407
SGOV	B12	1084553
SGOV	B13	343585
SGOV	D03	209770
SGOV	D01	325885
SGOV	D02	350675
SGOV	E01	1991083
SGOV	E04	357298
SGOV	E08	693792
SGOV	E10	50565
SGOV	F13	1637484
SGOV	F03	1189475
SGOV	F04	40686
SGOV	F05	71478
SGOV	F06	357667
SGOV	F07	5635795
SGOV	F09	2233009
SGOV	F10	3234377
SGOV	F11	562963
SGOV	N00	154299
SGOV	A09	627156
SGOV	N01	674105
SGOV	N02	433315
SGOV	N03	781700
SGOV	N04	268194
SGOV	N05	1045787
SGOV	N06	380091
SGOV	N07	360990
SGOV	H01	1951025
SGOV	H02	729426
SGOV	H03	459487
SGOV	H04	1107161
SGOV	W04	732798
SGOV	Q01	2230527
SGOV	Q02	26345
SGOV	Q03	2522933
SGOV	Q04	56800
SGOV	Q05	1089836
SGOV	Q13	421421
SGOV	Q09	105783
SGOV	Q14	26139
SGOV	Q15	23370
SGOV	Q08	26966
SGOV	Q11	32319
SGOV	K01	3056154
SGOV	K02	1341344
SGOV	P05	22350
SGOV	P04	115696
SGOV	P01	65000
SGOV	P02	28595
SGOV	P03	106051
SGOV	N15	1453146
SGOV	N13	543722
SGOV	N14	168612
SGOV	M01	791986
SGOV	M02	863607
SGOV	M03	323829
SGOV	M04	380044
SGOV	M05	190443
SGOV	N08	434112
SGOV	W06	10223574
SGOV	W03	296299
SGOV	W02	322290
SGOV	W05	30908
SGOV	Q16	104881
SGOV	Q12	0
SGOV	N16	71856
SIND	A01	536834
SIND	A02	46075
SIND	A04	80050
SIND	A05	15900
SIND	A06	165637
SIND	A07	331050
SIND	A10	137111
SIND	C01	318692
SIND	C02	148542
SIND	C03	93958
SIND	C04	333858
SIND	C05	251696
SIND	B01	88046
SIND	B02	405048
SIND	B09	469126
SIND	B08	184313
SIND	B12	402641
SIND	B13	229531
SIND	D03	219592
SIND	D01	387570
SIND	D02	252682
SIND	E01	1801018
SIND	E04	271584
SIND	E08	867202
SIND	E10	16682
SIND	F13	667381
SIND	F03	873140
SIND	F04	14695
SIND	F05	91300
SIND	F06	224612
SIND	F07	2430377
SIND	F09	1222924
SIND	F10	1490952
SIND	F11	401617
SIND	N00	106568
SIND	A09	211502
SIND	N01	344807
SIND	N02	231382
SIND	N03	353982
SIND	N04	148401
SIND	N05	469563
SIND	N06	166810
SIND	N07	488075
SIND	H01	904601
SIND	H02	254317
SIND	H03	281244
SIND	H04	543365
SIND	W04	381419
SIND	Q01	330718
SIND	Q02	59035
SIND	Q03	2014838
SIND	Q04	32000
SIND	Q05	575439
SIND	Q13	156260
SIND	Q09	90987
SIND	Q14	3699
SIND	Q15	8150
SIND	Q08	11525
SIND	Q11	186217
SIND	K01	1724579
SIND	K02	1072533
SIND	P05	30282
SIND	P04	219013
SIND	P01	115600
SIND	P02	55045
SIND	P03	152561
SIND	N15	452671
SIND	N13	196510
SIND	N14	45612
SIND	M01	498026
SIND	M02	379074
SIND	M03	134135
SIND	M04	393601
SIND	M05	211485
SIND	N08	275770
SIND	W06	2482124
SIND	W03	181409
SIND	W02	164339
SIND	W05	7936
SIND	Q16	41730
SIND	Q12	0
SIND	N16	9008
SJUD	A01	1030780
SJUD	A02	56613
SJUD	A04	173106
SJUD	A05	51400
SJUD	A06	446436
SJUD	A07	554048
SJUD	A10	136316
SJUD	C01	1173561
SJUD	C02	212432
SJUD	C03	603175
SJUD	C04	842174
SJUD	C05	351238
SJUD	B01	558758
SJUD	B02	1467680
SJUD	B09	746254
SJUD	B08	257519
SJUD	B12	1583507
SJUD	B13	625712
SJUD	D03	194977
SJUD	D01	585169
SJUD	D02	227677
SJUD	E01	1797471
SJUD	E04	299240
SJUD	E08	643628
SJUD	E10	36711
SJUD	F13	1872645
SJUD	F03	1038086
SJUD	F04	28666
SJUD	F05	69636
SJUD	F06	390172
SJUD	F07	5675661
SJUD	F09	1931877
SJUD	F10	5086262
SJUD	F11	898876
SJUD	N00	64449
SJUD	A09	394699
SJUD	N01	539424
SJUD	N02	528993
SJUD	N03	849883
SJUD	N04	386556
SJUD	N05	1625714
SJUD	N06	434343
SJUD	N07	264885
SJUD	H01	3153536
SJUD	H02	1210733
SJUD	H03	783669
SJUD	H04	1501216
SJUD	W04	1339562
SJUD	Q01	4326714
SJUD	Q02	212514
SJUD	Q03	1451679
SJUD	Q04	187900
SJUD	Q05	1360250
SJUD	Q13	421584
SJUD	Q09	152214
SJUD	Q14	52129
SJUD	Q15	94446
SJUD	Q08	76317
SJUD	Q11	295691
SJUD	K01	6707005
SJUD	K02	1497647
SJUD	P05	80964
SJUD	P04	275085
SJUD	P01	135391
SJUD	P02	133619
SJUD	P03	158237
SJUD	N15	1264203
SJUD	N13	391649
SJUD	N14	155991
SJUD	M01	632525
SJUD	M02	619867
SJUD	M03	339353
SJUD	M04	221039
SJUD	M05	99658
SJUD	N08	555767
SJUD	W06	17132398
SJUD	W03	911566
SJUD	W02	520560
SJUD	W05	266566
SJUD	Q16	39000
SJUD	Q12	21244
SJUD	N16	109937
SLAB	A01	1096642
SLAB	A02	292290
SLAB	A04	186042
SLAB	A05	97593
SLAB	A06	206516
SLAB	A07	594067
SLAB	A10	379310
SLAB	C01	949321
SLAB	C02	304543
SLAB	C03	700449
SLAB	C04	1294637
SLAB	C05	510857
SLAB	B01	1625501
SLAB	B02	2440720
SLAB	B09	632028
SLAB	B08	414250
SLAB	B12	3289212
SLAB	B13	1342992
SLAB	D03	238363
SLAB	D01	727356
SLAB	D02	287648
SLAB	E01	1909845
SLAB	E04	352354
SLAB	E08	1481012
SLAB	E10	68809
SLAB	F13	1893757
SLAB	F03	1418410
SLAB	F04	54359
SLAB	F05	130080
SLAB	F06	415649
SLAB	F07	5506350
SLAB	F09	2894271
SLAB	F10	4579937
SLAB	F11	927585
SLAB	N00	142522
SLAB	A09	743877
SLAB	N01	1154368
SLAB	N02	564501
SLAB	N03	1640336
SLAB	N04	831786
SLAB	N05	2926696
SLAB	N06	358944
SLAB	N07	336832
SLAB	H01	5446382
SLAB	H02	2533576
SLAB	H03	1363517
SLAB	H04	2656984
SLAB	W04	7898412
SLAB	Q01	1073805
SLAB	Q02	22524702
SLAB	Q03	2808106
SLAB	Q04	102261
SLAB	Q05	1165447
SLAB	Q13	267864
SLAB	Q09	516641
SLAB	Q14	16811
SLAB	Q15	179442
SLAB	Q08	811455
SLAB	Q11	793987
SLAB	K01	7218930
SLAB	K02	1967138
SLAB	P05	131925
SLAB	P04	241802
SLAB	P01	208555
SLAB	P02	173788
SLAB	P03	179136
SLAB	N15	1497329
SLAB	N13	529459
SLAB	N14	162154
SLAB	M01	1017981
SLAB	M02	952396
SLAB	M03	258473
SLAB	M04	343817
SLAB	M05	360408
SLAB	N08	498953
SLAB	W06	11044014
SLAB	W03	2796438
SLAB	W02	931000
SLAB	W05	239353
SLAB	Q16	106324
SLAB	Q12	114625
SLAB	N16	74664
SRUL	A01	1063051
SRUL	A02	98388
SRUL	A04	196931
SRUL	A05	106450
SRUL	A06	479393
SRUL	A07	603343
SRUL	A10	254840
SRUL	C01	1148737
SRUL	C02	213432
SRUL	C03	586263
SRUL	C04	803323
SRUL	C05	406769
SRUL	B01	486773
SRUL	B02	1165357
SRUL	B09	605843
SRUL	B08	280631
SRUL	B12	1379888
SRUL	B13	517747
SRUL	D03	251174
SRUL	D01	666118
SRUL	D02	320102
SRUL	E01	2017086
SRUL	E04	333940
SRUL	E08	682055
SRUL	E10	26861
SRUL	F13	1637759
SRUL	F03	1484238
SRUL	F04	23906
SRUL	F05	89882
SRUL	F06	624629
SRUL	F07	4818458
SRUL	F09	2102265
SRUL	F10	4538239
SRUL	F11	924270
SRUL	N00	72674
SRUL	A09	507771
SRUL	N01	631750
SRUL	N02	497272
SRUL	N03	891698
SRUL	N04	373056
SRUL	N05	1465320
SRUL	N06	253513
SRUL	N07	250380
SRUL	H01	2994340
SRUL	H02	1213315
SRUL	H03	692716
SRUL	H04	1316201
SRUL	W04	1169034
SRUL	Q01	3613749
SRUL	Q02	193614
SRUL	Q03	1393114
SRUL	Q04	160800
SRUL	Q05	1052663
SRUL	Q13	410239
SRUL	Q09	236349
SRUL	Q14	36354
SRUL	Q15	40008
SRUL	Q08	68817
SRUL	Q11	173364
SRUL	K01	5011645
SRUL	K02	1490382
SRUL	P05	35734
SRUL	P04	209475
SRUL	P01	118941
SRUL	P02	103389
SRUL	P03	161977
SRUL	N15	1217834
SRUL	N13	407314
SRUL	N14	158491
SRUL	M01	726211
SRUL	M02	703931
SRUL	M03	329018
SRUL	M04	334162
SRUL	M05	204123
SRUL	N08	448401
SRUL	W06	15802201
SRUL	W03	928633
SRUL	W02	436019
SRUL	W05	274464
SRUL	Q16	53289
SRUL	Q12	2566
SRUL	N16	52854
SSMA	A01	674888
SSMA	A02	131251
SSMA	A04	61472
SSMA	A05	50700
SSMA	A06	191561
SSMA	A07	334360
SSMA	A10	164410
SSMA	C01	857675
SSMA	C02	222014
SSMA	C03	413984
SSMA	C04	487603
SSMA	C05	530699
SSMA	B01	365411
SSMA	B02	526630
SSMA	B09	480719
SSMA	B08	236686
SSMA	B12	978514
SSMA	B13	347255
SSMA	D03	177575
SSMA	D01	276983
SSMA	D02	263045
SSMA	E01	1557906
SSMA	E04	219752
SSMA	E08	633333
SSMA	E10	52429
SSMA	F13	1861019
SSMA	F03	998915
SSMA	F04	24141
SSMA	F05	72027
SSMA	F06	310197
SSMA	F07	5750503
SSMA	F09	2024851
SSMA	F10	4413926
SSMA	F11	566330
SSMA	N00	113933
SSMA	A09	434050
SSMA	N01	704695
SSMA	N02	384840
SSMA	N03	745270
SSMA	N04	278711
SSMA	N05	1490129
SSMA	N06	279698
SSMA	N07	197149
SSMA	H01	2375082
SSMA	H02	693854
SSMA	H03	469300
SSMA	H04	1047106
SSMA	W04	890344
SSMA	Q01	2621668
SSMA	Q02	72081
SSMA	Q03	1618727
SSMA	Q04	239119
SSMA	Q05	893723
SSMA	Q13	382541
SSMA	Q09	106015
SSMA	Q14	60151
SSMA	Q15	-1580
SSMA	Q08	45752
SSMA	Q11	46402
SSMA	K01	3843240
SSMA	K02	1292139
SSMA	P05	8100
SSMA	P04	57431
SSMA	P01	32500
SSMA	P02	16590
SSMA	P03	96814
SSMA	N15	1163382
SSMA	N13	323440
SSMA	N14	81767
SSMA	M01	576781
SSMA	M02	825418
SSMA	M03	258972
SSMA	M04	367384
SSMA	M05	292987
SSMA	N08	341490
SSMA	W06	13038026
SSMA	W03	425804
SSMA	W02	316891
SSMA	W05	92703
SSMA	Q16	107149
SSMA	Q12	3950
SSMA	N16	42350
SVET	A01	821203
SVET	A02	83387
SVET	A04	91025
SVET	A05	97893
SVET	A06	151223
SVET	A07	520294
SVET	A10	280113
SVET	C01	693103
SVET	C02	169973
SVET	C03	542931
SVET	C04	976517
SVET	C05	250003
SVET	B01	1297855
SVET	B02	1982385
SVET	B09	645361
SVET	B08	373399
SVET	B12	2734527
SVET	B13	1150282
SVET	D03	179747
SVET	D01	563642
SVET	D02	284570
SVET	E01	750231
SVET	E04	50164
SVET	E08	613983
SVET	E10	34557
SVET	F13	980500
SVET	F03	1220641
SVET	F04	25545
SVET	F05	113557
SVET	F06	289928
SVET	F07	2401487
SVET	F09	1932895
SVET	F10	2772134
SVET	F11	601021
SVET	N00	85449
SVET	A09	531774
SVET	N01	818793
SVET	N02	344461
SVET	N03	1190214
SVET	N04	691063
SVET	N05	2121173
SVET	N06	131479
SVET	N07	439147
SVET	H01	3892111
SVET	H02	1937259
SVET	H03	759728
SVET	H04	1317271
SVET	W04	7085717
SVET	Q01	79605
SVET	Q02	21430018
SVET	Q03	1602550
SVET	Q04	97911
SVET	Q05	525930
SVET	Q13	97644
SVET	Q09	421270
SVET	Q14	2741
SVET	Q15	163218
SVET	Q08	801048
SVET	Q11	305554
SVET	K01	4952007
SVET	K02	1288221
SVET	P05	143648
SVET	P04	255602
SVET	P01	121805
SVET	P02	164233
SVET	P03	247665
SVET	N15	819802
SVET	N13	364485
SVET	N14	94546
SVET	M01	892885
SVET	M02	633452
SVET	M03	188775
SVET	M04	340585
SVET	M05	330799
SVET	N08	390084
SVET	W06	5938108
SVET	W03	2556894
SVET	W02	559915
SVET	W05	216154
SVET	Q16	51032
SVET	Q12	91276
SVET	N16	43733
