{"response":{"committee":{"@attributes":{"committee_name":"HADM","industry":"Defense Electronics","congno":"114","origin":"Center for Responsive Politics","source":"http:\/\/www.opensecrets.org\/cmteprofiles\/profiles.php?cmte=HADM&congno=114","last_updated":"02\/08\/17"},"member":[{"@attributes":{"member_name":"Comstock, Barbara","cid":"N00036023","party":"R","state":"Virginia","total":"32750","indivs":"3250","pacs":"29500"}},{"@attributes":{"member_name":"Vargas, Juan","cid":"N00007021","party":"D","state":"California","total":"12500","indivs":"0","pacs":"12500"}},{"@attributes":{"member_name":"Harper, Gregg","cid":"N00029632","party":"R","state":"Mississippi","total":"11000","indivs":"0","pacs":"11000"}},{"@attributes":{"member_name":"Nugent, Richard","cid":"N00032441","party":"R","state":"Florida","total":"4500","indivs":"0","pacs":"4500"}},{"@attributes":{"member_name":"Lofgren, Zoe","cid":"N00007479","party":"D","state":"California","total":"2000","indivs":"0","pacs":"2000"}}]}}}