{"response":{"committee":{"@attributes":{"committee_name":"HADM","industry":"Pro-Abortion Rights","congno":"114","origin":"Center for Responsive Politics","source":"http:\/\/www.opensecrets.org\/cmteprofiles\/profiles.php?cmte=HADM&congno=114","last_updated":"02\/08\/17"},"member":[{"@attributes":{"member_name":"Lofgren, Zoe","cid":"N00007479","party":"D","state":"California","total":"12900","indivs":"11900","pacs":"1000"}},{"@attributes":{"member_name":"Vargas, Juan","cid":"N00007021","party":"D","state":"California","total":"1000","indivs":"0","pacs":"1000"}}]}}}