{"response":{"committee":{"@attributes":{"committee_name":"HADM","industry":"Air Transport","congno":"114","origin":"Center for Responsive Politics","source":"http:\/\/www.opensecrets.org\/cmteprofiles\/profiles.php?cmte=HADM&congno=114","last_updated":"02\/08\/17"},"member":[{"@attributes":{"member_name":"Comstock, Barbara","cid":"N00036023","party":"R","state":"Virginia","total":"107150","indivs":"6650","pacs":"100500"}},{"@attributes":{"member_name":"Davis, Rodney","cid":"N00034784","party":"R","state":"Illinois","total":"70999","indivs":"0","pacs":"70999"}},{"@attributes":{"member_name":"Lofgren, Zoe","cid":"N00007479","party":"D","state":"California","total":"10100","indivs":"8100","pacs":"2000"}},{"@attributes":{"member_name":"Harper, Gregg","cid":"N00029632","party":"R","state":"Mississippi","total":"8700","indivs":"4700","pacs":"4000"}},{"@attributes":{"member_name":"Brady, Robert A","cid":"N00001619","party":"D","state":"Pennsylvania","total":"7000","indivs":"0","pacs":"7000"}},{"@attributes":{"member_name":"Schock, Aaron","cid":"N00029273","party":"R","state":"Illinois","total":"1500","indivs":"0","pacs":"1500"}},{"@attributes":{"member_name":"Miller, Candice S","cid":"N00009795","party":"R","state":"Michigan","total":"-1000","indivs":"0","pacs":"-1000"}}]}}}