{"response":{"committee":{"@attributes":{"committee_name":"HADM","industry":"Clergy\/Religious","congno":"114","origin":"Center for Responsive Politics","source":"http:\/\/www.opensecrets.org\/cmteprofiles\/profiles.php?cmte=HADM&congno=114","last_updated":"02\/08\/17"},"member":[{"@attributes":{"member_name":"Harper, Gregg","cid":"N00029632","party":"R","state":"Mississippi","total":"1250","indivs":"1250","pacs":"0"}},{"@attributes":{"member_name":"Comstock, Barbara","cid":"N00036023","party":"R","state":"Virginia","total":"600","indivs":"600","pacs":"0"}},{"@attributes":{"member_name":"Brady, Robert A","cid":"N00001619","party":"D","state":"Pennsylvania","total":"250","indivs":"250","pacs":"0"}}]}}}