{"response":{"committee":{"@attributes":{"committee_name":"HADM","industry":"Defense Aerospace","congno":"114","origin":"Center for Responsive Politics","source":"http:\/\/www.opensecrets.org\/cmteprofiles\/profiles.php?cmte=HADM&congno=114","last_updated":"02\/08\/17"},"member":[{"@attributes":{"member_name":"Harper, Gregg","cid":"N00029632","party":"R","state":"Mississippi","total":"32000","indivs":"5000","pacs":"27000"}},{"@attributes":{"member_name":"Comstock, Barbara","cid":"N00036023","party":"R","state":"Virginia","total":"28650","indivs":"17650","pacs":"11000"}},{"@attributes":{"member_name":"Vargas, Juan","cid":"N00007021","party":"D","state":"California","total":"13100","indivs":"100","pacs":"13000"}},{"@attributes":{"member_name":"Lofgren, Zoe","cid":"N00007479","party":"D","state":"California","total":"10250","indivs":"250","pacs":"10000"}},{"@attributes":{"member_name":"Brady, Robert A","cid":"N00001619","party":"D","state":"Pennsylvania","total":"10000","indivs":"0","pacs":"10000"}},{"@attributes":{"member_name":"Nugent, Richard","cid":"N00032441","party":"R","state":"Florida","total":"3000","indivs":"0","pacs":"3000"}},{"@attributes":{"member_name":"Miller, Candice S","cid":"N00009795","party":"R","state":"Michigan","total":"1000","indivs":"0","pacs":"1000"}},{"@attributes":{"member_name":"Davis, Rodney","cid":"N00034784","party":"R","state":"Illinois","total":"1000","indivs":"0","pacs":"1000"}}]}}}