{"response":{"committee":{"@attributes":{"committee_name":"HADM","industry":"Securities\/Invest","congno":"114","origin":"Center for Responsive Politics","source":"http:\/\/www.opensecrets.org\/cmteprofiles\/profiles.php?cmte=HADM&congno=114","last_updated":"02\/08\/17"},"member":[{"@attributes":{"member_name":"Comstock, Barbara","cid":"N00036023","party":"R","state":"Virginia","total":"259929","indivs":"255429","pacs":"4500"}},{"@attributes":{"member_name":"Vargas, Juan","cid":"N00007021","party":"D","state":"California","total":"97200","indivs":"35200","pacs":"62000"}},{"@attributes":{"member_name":"Davis, Rodney","cid":"N00034784","party":"R","state":"Illinois","total":"77650","indivs":"32650","pacs":"45000"}},{"@attributes":{"member_name":"Lofgren, Zoe","cid":"N00007479","party":"D","state":"California","total":"56650","indivs":"52650","pacs":"4000"}},{"@attributes":{"member_name":"Schock, Aaron","cid":"N00029273","party":"R","state":"Illinois","total":"18700","indivs":"10700","pacs":"8000"}},{"@attributes":{"member_name":"Brady, Robert A","cid":"N00001619","party":"D","state":"Pennsylvania","total":"7200","indivs":"7200","pacs":"0"}},{"@attributes":{"member_name":"Harper, Gregg","cid":"N00029632","party":"R","state":"Mississippi","total":"1600","indivs":"1600","pacs":"0"}}]}}}