{"response":{"committee":{"@attributes":{"committee_name":"HADM","industry":"Candidate Cmtes","congno":"114","origin":"Center for Responsive Politics","source":"http:\/\/www.opensecrets.org\/cmteprofiles\/profiles.php?cmte=HADM&congno=114","last_updated":"02\/08\/17"},"member":[{"@attributes":{"member_name":"Comstock, Barbara","cid":"N00036023","party":"R","state":"Virginia","total":"76000","indivs":"0","pacs":"76000"}},{"@attributes":{"member_name":"Vargas, Juan","cid":"N00007021","party":"D","state":"California","total":"65230","indivs":"0","pacs":"65230"}},{"@attributes":{"member_name":"Davis, Rodney","cid":"N00034784","party":"R","state":"Illinois","total":"40650","indivs":"2167","pacs":"38483"}},{"@attributes":{"member_name":"Harper, Gregg","cid":"N00029632","party":"R","state":"Mississippi","total":"4000","indivs":"0","pacs":"4000"}},{"@attributes":{"member_name":"Miller, Candice S","cid":"N00009795","party":"R","state":"Michigan","total":"499","indivs":"0","pacs":"499"}},{"@attributes":{"member_name":"Brady, Robert A","cid":"N00001619","party":"D","state":"Pennsylvania","total":"-1000","indivs":"0","pacs":"-1000"}}]}}}