{"response":{"committee":{"@attributes":{"committee_name":"HADM","industry":"Casinos\/Gambling","congno":"114","origin":"Center for Responsive Politics","source":"http:\/\/www.opensecrets.org\/cmteprofiles\/profiles.php?cmte=HADM&congno=114","last_updated":"02\/08\/17"},"member":[{"@attributes":{"member_name":"Vargas, Juan","cid":"N00007021","party":"D","state":"California","total":"27300","indivs":"25300","pacs":"2000"}},{"@attributes":{"member_name":"Comstock, Barbara","cid":"N00036023","party":"R","state":"Virginia","total":"10600","indivs":"7900","pacs":"2700"}},{"@attributes":{"member_name":"Brady, Robert A","cid":"N00001619","party":"D","state":"Pennsylvania","total":"3000","indivs":"2000","pacs":"1000"}},{"@attributes":{"member_name":"Lofgren, Zoe","cid":"N00007479","party":"D","state":"California","total":"500","indivs":"0","pacs":"500"}},{"@attributes":{"member_name":"Nugent, Richard","cid":"N00032441","party":"R","state":"Florida","total":"0","indivs":"0","pacs":"0"}}]}}}