{"response":{"committee":{"@attributes":{"committee_name":"HADM","industry":"Real Estate","congno":"114","origin":"Center for Responsive Politics","source":"http:\/\/www.opensecrets.org\/cmteprofiles\/profiles.php?cmte=HADM&congno=114","last_updated":"02\/08\/17"},"member":[{"@attributes":{"member_name":"Comstock, Barbara","cid":"N00036023","party":"R","state":"Virginia","total":"201212","indivs":"172212","pacs":"29000"}},{"@attributes":{"member_name":"Vargas, Juan","cid":"N00007021","party":"D","state":"California","total":"58350","indivs":"17350","pacs":"41000"}},{"@attributes":{"member_name":"Davis, Rodney","cid":"N00034784","party":"R","state":"Illinois","total":"58250","indivs":"31250","pacs":"27000"}},{"@attributes":{"member_name":"Brady, Robert A","cid":"N00001619","party":"D","state":"Pennsylvania","total":"32650","indivs":"24650","pacs":"8000"}},{"@attributes":{"member_name":"Lofgren, Zoe","cid":"N00007479","party":"D","state":"California","total":"30550","indivs":"22550","pacs":"8000"}},{"@attributes":{"member_name":"Harper, Gregg","cid":"N00029632","party":"R","state":"Mississippi","total":"28850","indivs":"18850","pacs":"10000"}},{"@attributes":{"member_name":"Schock, Aaron","cid":"N00029273","party":"R","state":"Illinois","total":"7700","indivs":"2700","pacs":"5000"}},{"@attributes":{"member_name":"Nugent, Richard","cid":"N00032441","party":"R","state":"Florida","total":"1000","indivs":"0","pacs":"1000"}}]}}}