{"response":{"committee":{"@attributes":{"committee_name":"HADM","industry":"Business Services","congno":"114","origin":"Center for Responsive Politics","source":"http:\/\/www.opensecrets.org\/cmteprofiles\/profiles.php?cmte=HADM&congno=114","last_updated":"02\/08\/17"},"member":[{"@attributes":{"member_name":"Comstock, Barbara","cid":"N00036023","party":"R","state":"Virginia","total":"145900","indivs":"129700","pacs":"16200"}},{"@attributes":{"member_name":"Davis, Rodney","cid":"N00034784","party":"R","state":"Illinois","total":"31375","indivs":"29675","pacs":"1700"}},{"@attributes":{"member_name":"Brady, Robert A","cid":"N00001619","party":"D","state":"Pennsylvania","total":"15500","indivs":"15500","pacs":"0"}},{"@attributes":{"member_name":"Lofgren, Zoe","cid":"N00007479","party":"D","state":"California","total":"10875","indivs":"8875","pacs":"2000"}},{"@attributes":{"member_name":"Vargas, Juan","cid":"N00007021","party":"D","state":"California","total":"3000","indivs":"3000","pacs":"0"}},{"@attributes":{"member_name":"Harper, Gregg","cid":"N00029632","party":"R","state":"Mississippi","total":"1500","indivs":"1500","pacs":"0"}},{"@attributes":{"member_name":"Miller, Candice S","cid":"N00009795","party":"R","state":"Michigan","total":"1000","indivs":"0","pacs":"1000"}}]}}}