{"response":{"committee":{"@attributes":{"committee_name":"HADM","industry":"Lawyers\/Law Firms","congno":"114","origin":"Center for Responsive Politics","source":"http:\/\/www.opensecrets.org\/cmteprofiles\/profiles.php?cmte=HADM&congno=114","last_updated":"02\/08\/17"},"member":[{"@attributes":{"member_name":"Comstock, Barbara","cid":"N00036023","party":"R","state":"Virginia","total":"232950","indivs":"186700","pacs":"46250"}},{"@attributes":{"member_name":"Lofgren, Zoe","cid":"N00007479","party":"D","state":"California","total":"134858","indivs":"105958","pacs":"28900"}},{"@attributes":{"member_name":"Brady, Robert A","cid":"N00001619","party":"D","state":"Pennsylvania","total":"87300","indivs":"60800","pacs":"26500"}},{"@attributes":{"member_name":"Davis, Rodney","cid":"N00034784","party":"R","state":"Illinois","total":"62820","indivs":"34570","pacs":"28250"}},{"@attributes":{"member_name":"Harper, Gregg","cid":"N00029632","party":"R","state":"Mississippi","total":"46500","indivs":"28000","pacs":"18500"}},{"@attributes":{"member_name":"Vargas, Juan","cid":"N00007021","party":"D","state":"California","total":"18250","indivs":"9500","pacs":"8750"}},{"@attributes":{"member_name":"Schock, Aaron","cid":"N00029273","party":"R","state":"Illinois","total":"2200","indivs":"2700","pacs":"-500"}},{"@attributes":{"member_name":"Miller, Candice S","cid":"N00009795","party":"R","state":"Michigan","total":"-1000","indivs":"0","pacs":"-1000"}}]}}}