{"response":{"committee":{"@attributes":{"committee_name":"HADM","industry":"Education","congno":"114","origin":"Center for Responsive Politics","source":"http:\/\/www.opensecrets.org\/cmteprofiles\/profiles.php?cmte=HADM&congno=114","last_updated":"02\/08\/17"},"member":[{"@attributes":{"member_name":"Comstock, Barbara","cid":"N00036023","party":"R","state":"Virginia","total":"24775","indivs":"19775","pacs":"5000"}},{"@attributes":{"member_name":"Lofgren, Zoe","cid":"N00007479","party":"D","state":"California","total":"18350","indivs":"18350","pacs":"0"}},{"@attributes":{"member_name":"Brady, Robert A","cid":"N00001619","party":"D","state":"Pennsylvania","total":"11600","indivs":"11600","pacs":"0"}},{"@attributes":{"member_name":"Davis, Rodney","cid":"N00034784","party":"R","state":"Illinois","total":"6920","indivs":"3420","pacs":"3500"}},{"@attributes":{"member_name":"Harper, Gregg","cid":"N00029632","party":"R","state":"Mississippi","total":"6900","indivs":"6900","pacs":"0"}},{"@attributes":{"member_name":"Vargas, Juan","cid":"N00007021","party":"D","state":"California","total":"4930","indivs":"4930","pacs":"0"}}]}}}