{"response":{"committee":{"@attributes":{"committee_name":"HADM","industry":"Internet","congno":"114","origin":"Center for Responsive Politics","source":"http:\/\/www.opensecrets.org\/cmteprofiles\/profiles.php?cmte=HADM&congno=114","last_updated":"02\/08\/17"},"member":[{"@attributes":{"member_name":"Lofgren, Zoe","cid":"N00007479","party":"D","state":"California","total":"104750","indivs":"53050","pacs":"51700"}},{"@attributes":{"member_name":"Comstock, Barbara","cid":"N00036023","party":"R","state":"Virginia","total":"23550","indivs":"9350","pacs":"14200"}},{"@attributes":{"member_name":"Harper, Gregg","cid":"N00029632","party":"R","state":"Mississippi","total":"3000","indivs":"0","pacs":"3000"}},{"@attributes":{"member_name":"Davis, Rodney","cid":"N00034784","party":"R","state":"Illinois","total":"2000","indivs":"0","pacs":"2000"}},{"@attributes":{"member_name":"Vargas, Juan","cid":"N00007021","party":"D","state":"California","total":"2000","indivs":"0","pacs":"2000"}}]}}}