{"response":{"committee":{"@attributes":{"committee_name":"HADM","industry":"Publishing","congno":"114","origin":"Center for Responsive Politics","source":"http:\/\/www.opensecrets.org\/cmteprofiles\/profiles.php?cmte=HADM&congno=114","last_updated":"02\/08\/17"},"member":[{"@attributes":{"member_name":"Comstock, Barbara","cid":"N00036023","party":"R","state":"Virginia","total":"20939","indivs":"14939","pacs":"6000"}},{"@attributes":{"member_name":"Davis, Rodney","cid":"N00034784","party":"R","state":"Illinois","total":"1500","indivs":"1500","pacs":"0"}},{"@attributes":{"member_name":"Vargas, Juan","cid":"N00007021","party":"D","state":"California","total":"500","indivs":"500","pacs":"0"}},{"@attributes":{"member_name":"Lofgren, Zoe","cid":"N00007479","party":"D","state":"California","total":"400","indivs":"400","pacs":"0"}},{"@attributes":{"member_name":"Harper, Gregg","cid":"N00029632","party":"R","state":"Mississippi","total":"250","indivs":"250","pacs":"0"}}]}}}