{"response":{"committee":{"@attributes":{"committee_name":"HAGR","industry":"Beer, Wine & Liquor","congno":"114","origin":"Center for Responsive Politics","source":"http:\/\/www.opensecrets.org\/cmteprofiles\/profiles.php?cmte=HAGR&congno=114","last_updated":"02\/08\/17"},"member":[{"@attributes":{"member_name":"Denham, Jeff","cid":"N00031593","party":"R","state":"California","total":"48999","indivs":"22000","pacs":"26999"}},{"@attributes":{"member_name":"Newhouse, Dan","cid":"N00036403","party":"R","state":"Washington","total":"30750","indivs":"3750","pacs":"27000"}},{"@attributes":{"member_name":"Maloney, Sean Patrick","cid":"N00034277","party":"D","state":"New York","total":"29250","indivs":"10250","pacs":"19000"}},{"@attributes":{"member_name":"Costa, Jim","cid":"N00026341","party":"D","state":"California","total":"27900","indivs":"8400","pacs":"19500"}},{"@attributes":{"member_name":"Conaway, Mike","cid":"N00026041","party":"R","state":"Texas","total":"27400","indivs":"6400","pacs":"21000"}},{"@attributes":{"member_name":"Goodlatte, Bob","cid":"N00009154","party":"R","state":"Virginia","total":"25500","indivs":"4500","pacs":"21000"}},{"@attributes":{"member_name":"Davis, Rodney","cid":"N00034784","party":"R","state":"Illinois","total":"24189","indivs":"5400","pacs":"18789"}},{"@attributes":{"member_name":"Bost, Mike","cid":"N00035420","party":"R","state":"Illinois","total":"22365","indivs":"10365","pacs":"12000"}},{"@attributes":{"member_name":"Kuster, Ann Mclane","cid":"N00030875","party":"D","state":"New Hampshire","total":"21482","indivs":"5931","pacs":"15551"}},{"@attributes":{"member_name":"Nolan, Rick","cid":"N00021207","party":"D","state":"Minnesota","total":"20470","indivs":"4470","pacs":"16000"}},{"@attributes":{"member_name":"Ashford, Brad","cid":"N00005293","party":"D","state":"Nebraska","total":"19500","indivs":"2000","pacs":"17500"}},{"@attributes":{"member_name":"Moolenaar, John","cid":"N00036275","party":"R","state":"Michigan","total":"19000","indivs":"5500","pacs":"13500"}},{"@attributes":{"member_name":"Rouzer, David","cid":"N00033527","party":"R","state":"North Carolina","total":"18700","indivs":"3700","pacs":"15000"}},{"@attributes":{"member_name":"Graham, Gwen","cid":"N00035688","party":"D","state":"Florida","total":"17500","indivs":"3000","pacs":"14500"}},{"@attributes":{"member_name":"Vela, Filemon","cid":"N00034349","party":"D","state":"Texas","total":"16450","indivs":"3950","pacs":"12500"}},{"@attributes":{"member_name":"DelBene, Suzan","cid":"N00030693","party":"D","state":"Washington","total":"15500","indivs":"1000","pacs":"14500"}},{"@attributes":{"member_name":"Bustos, Cheri","cid":"N00033390","party":"D","state":"Illinois","total":"14525","indivs":"25","pacs":"14500"}},{"@attributes":{"member_name":"Grisham, Michelle Lujan","cid":"N00029400","party":"D","state":"New Mexico","total":"14100","indivs":"1600","pacs":"12500"}},{"@attributes":{"member_name":"Aguilar, Pete","cid":"N00033997","party":"D","state":"California","total":"13900","indivs":"200","pacs":"13700"}},{"@attributes":{"member_name":"Kirkpatrick, Ann","cid":"N00029260","party":"D","state":"Arizona","total":"13459","indivs":"10959","pacs":"2500"}},{"@attributes":{"member_name":"Lucas, Frank D","cid":"N00005559","party":"R","state":"Oklahoma","total":"12926","indivs":"0","pacs":"12926"}},{"@attributes":{"member_name":"Desjarlais, Scott","cid":"N00030957","party":"R","state":"Tennessee","total":"12218","indivs":"5900","pacs":"6318"}},{"@attributes":{"member_name":"Allen, Richard W","cid":"N00033720","party":"R","state":"Georgia","total":"12200","indivs":"6200","pacs":"6000"}},{"@attributes":{"member_name":"Crawford, Rick","cid":"N00030770","party":"R","state":"Arkansas","total":"12000","indivs":"0","pacs":"12000"}},{"@attributes":{"member_name":"Gibbs, Bob","cid":"N00031128","party":"R","state":"Ohio","total":"12000","indivs":"0","pacs":"12000"}},{"@attributes":{"member_name":"Adams, Alma","cid":"N00035451","party":"D","state":"North Carolina","total":"11917","indivs":"2000","pacs":"9917"}},{"@attributes":{"member_name":"Plaskett, Stacey","cid":"N00035000","party":"D","state":"Virgin Islands","total":"11488","indivs":"0","pacs":"11488"}},{"@attributes":{"member_name":"Scott, David","cid":"N00024871","party":"D","state":"Georgia","total":"10500","indivs":"2000","pacs":"8500"}},{"@attributes":{"member_name":"Walz, Tim","cid":"N00027467","party":"D","state":"Minnesota","total":"10250","indivs":"250","pacs":"10000"}},{"@attributes":{"member_name":"LaMalfa, Doug","cid":"N00033987","party":"R","state":"California","total":"10250","indivs":"250","pacs":"10000"}},{"@attributes":{"member_name":"Peterson, Collin","cid":"N00004558","party":"D","state":"Minnesota","total":"10000","indivs":"0","pacs":"10000"}},{"@attributes":{"member_name":"Emmer, Tom","cid":"N00035440","party":"R","state":"Minnesota","total":"10000","indivs":"0","pacs":"10000"}},{"@attributes":{"member_name":"Walorski, Jackie","cid":"N00031226","party":"R","state":"Indiana","total":"10000","indivs":"0","pacs":"10000"}},{"@attributes":{"member_name":"Scott, Austin","cid":"N00032457","party":"R","state":"Georgia","total":"9000","indivs":"0","pacs":"9000"}},{"@attributes":{"member_name":"Fudge, Marcia L","cid":"N00030490","party":"D","state":"Ohio","total":"7884","indivs":"0","pacs":"7884"}},{"@attributes":{"member_name":"Thompson, Glenn","cid":"N00029736","party":"R","state":"Pennsylvania","total":"7000","indivs":"1000","pacs":"6000"}},{"@attributes":{"member_name":"Abraham, Ralph","cid":"N00036633","party":"R","state":"Louisiana","total":"4500","indivs":"0","pacs":"4500"}},{"@attributes":{"member_name":"McGovern, James P","cid":"N00000179","party":"D","state":"Massachusetts","total":"3444","indivs":"0","pacs":"3444"}},{"@attributes":{"member_name":"King, Steven A","cid":"N00025237","party":"R","state":"Iowa","total":"2500","indivs":"500","pacs":"2000"}},{"@attributes":{"member_name":"Rogers, Mike D","cid":"N00024759","party":"R","state":"Alabama","total":"2500","indivs":"0","pacs":"2500"}},{"@attributes":{"member_name":"Yoho, Ted","cid":"N00033220","party":"R","state":"Florida","total":"1667","indivs":"1667","pacs":"0"}},{"@attributes":{"member_name":"Hartzler, Vicky","cid":"N00031005","party":"R","state":"Missouri","total":"1500","indivs":"500","pacs":"1000"}},{"@attributes":{"member_name":"Benishek, Dan","cid":"N00031934","party":"R","state":"Michigan","total":"250","indivs":"250","pacs":"0"}}]}}}