{"response":{"committee":{"@attributes":{"committee_name":"HAGR","industry":"Savings & Loans","congno":"114","origin":"Center for Responsive Politics","source":"http:\/\/www.opensecrets.org\/cmteprofiles\/profiles.php?cmte=HAGR&congno=114","last_updated":"02\/08\/17"},"member":[{"@attributes":{"member_name":"Bost, Mike","cid":"N00035420","party":"R","state":"Illinois","total":"4100","indivs":"1100","pacs":"3000"}},{"@attributes":{"member_name":"Thompson, Glenn","cid":"N00029736","party":"R","state":"Pennsylvania","total":"2350","indivs":"2350","pacs":"0"}},{"@attributes":{"member_name":"Davis, Rodney","cid":"N00034784","party":"R","state":"Illinois","total":"2000","indivs":"0","pacs":"2000"}},{"@attributes":{"member_name":"Bustos, Cheri","cid":"N00033390","party":"D","state":"Illinois","total":"1300","indivs":"300","pacs":"1000"}},{"@attributes":{"member_name":"Conaway, Mike","cid":"N00026041","party":"R","state":"Texas","total":"1000","indivs":"1000","pacs":"0"}},{"@attributes":{"member_name":"Fudge, Marcia L","cid":"N00030490","party":"D","state":"Ohio","total":"500","indivs":"500","pacs":"0"}},{"@attributes":{"member_name":"Emmer, Tom","cid":"N00035440","party":"R","state":"Minnesota","total":"250","indivs":"250","pacs":"0"}},{"@attributes":{"member_name":"Goodlatte, Bob","cid":"N00009154","party":"R","state":"Virginia","total":"250","indivs":"250","pacs":"0"}},{"@attributes":{"member_name":"Nolan, Rick","cid":"N00021207","party":"D","state":"Minnesota","total":"5","indivs":"5","pacs":"0"}},{"@attributes":{"member_name":"Kirkpatrick, Ann","cid":"N00029260","party":"D","state":"Arizona","total":"1","indivs":"1","pacs":"0"}}]}}}