{"response":{"committee":{"@attributes":{"committee_name":"HAGR","industry":"Defense Aerospace","congno":"114","origin":"Center for Responsive Politics","source":"http:\/\/www.opensecrets.org\/cmteprofiles\/profiles.php?cmte=HAGR&congno=114","last_updated":"02\/08\/17"},"member":[{"@attributes":{"member_name":"Rogers, Mike D","cid":"N00024759","party":"R","state":"Alabama","total":"76200","indivs":"10700","pacs":"65500"}},{"@attributes":{"member_name":"Walorski, Jackie","cid":"N00031226","party":"R","state":"Indiana","total":"64000","indivs":"0","pacs":"64000"}},{"@attributes":{"member_name":"Hartzler, Vicky","cid":"N00031005","party":"R","state":"Missouri","total":"43000","indivs":"0","pacs":"43000"}},{"@attributes":{"member_name":"Aguilar, Pete","cid":"N00033997","party":"D","state":"California","total":"36755","indivs":"255","pacs":"36500"}},{"@attributes":{"member_name":"Scott, Austin","cid":"N00032457","party":"R","state":"Georgia","total":"34000","indivs":"0","pacs":"34000"}},{"@attributes":{"member_name":"Graham, Gwen","cid":"N00035688","party":"D","state":"Florida","total":"33250","indivs":"1250","pacs":"32000"}},{"@attributes":{"member_name":"Conaway, Mike","cid":"N00026041","party":"R","state":"Texas","total":"33000","indivs":"0","pacs":"33000"}},{"@attributes":{"member_name":"Kuster, Ann Mclane","cid":"N00030875","party":"D","state":"New Hampshire","total":"26701","indivs":"1201","pacs":"25500"}},{"@attributes":{"member_name":"DelBene, Suzan","cid":"N00030693","party":"D","state":"Washington","total":"25481","indivs":"1481","pacs":"24000"}},{"@attributes":{"member_name":"Walz, Tim","cid":"N00027467","party":"D","state":"Minnesota","total":"24500","indivs":"0","pacs":"24500"}},{"@attributes":{"member_name":"Newhouse, Dan","cid":"N00036403","party":"R","state":"Washington","total":"22500","indivs":"2500","pacs":"20000"}},{"@attributes":{"member_name":"Grisham, Michelle Lujan","cid":"N00029400","party":"D","state":"New Mexico","total":"21000","indivs":"0","pacs":"21000"}},{"@attributes":{"member_name":"Lucas, Frank D","cid":"N00005559","party":"R","state":"Oklahoma","total":"20000","indivs":"0","pacs":"20000"}},{"@attributes":{"member_name":"Bost, Mike","cid":"N00035420","party":"R","state":"Illinois","total":"20000","indivs":"0","pacs":"20000"}},{"@attributes":{"member_name":"Ashford, Brad","cid":"N00005293","party":"D","state":"Nebraska","total":"19000","indivs":"0","pacs":"19000"}},{"@attributes":{"member_name":"Allen, Richard W","cid":"N00033720","party":"R","state":"Georgia","total":"12000","indivs":"0","pacs":"12000"}},{"@attributes":{"member_name":"Goodlatte, Bob","cid":"N00009154","party":"R","state":"Virginia","total":"8000","indivs":"0","pacs":"8000"}},{"@attributes":{"member_name":"Abraham, Ralph","cid":"N00036633","party":"R","state":"Louisiana","total":"8000","indivs":"0","pacs":"8000"}},{"@attributes":{"member_name":"Adams, Alma","cid":"N00035451","party":"D","state":"North Carolina","total":"7000","indivs":"0","pacs":"7000"}},{"@attributes":{"member_name":"Fudge, Marcia L","cid":"N00030490","party":"D","state":"Ohio","total":"7000","indivs":"0","pacs":"7000"}},{"@attributes":{"member_name":"Vela, Filemon","cid":"N00034349","party":"D","state":"Texas","total":"7000","indivs":"0","pacs":"7000"}},{"@attributes":{"member_name":"Scott, David","cid":"N00024871","party":"D","state":"Georgia","total":"6000","indivs":"0","pacs":"6000"}},{"@attributes":{"member_name":"Thompson, Glenn","cid":"N00029736","party":"R","state":"Pennsylvania","total":"6000","indivs":"0","pacs":"6000"}},{"@attributes":{"member_name":"LaMalfa, Doug","cid":"N00033987","party":"R","state":"California","total":"5000","indivs":"0","pacs":"5000"}},{"@attributes":{"member_name":"Moolenaar, John","cid":"N00036275","party":"R","state":"Michigan","total":"5000","indivs":"0","pacs":"5000"}},{"@attributes":{"member_name":"McGovern, James P","cid":"N00000179","party":"D","state":"Massachusetts","total":"4000","indivs":"0","pacs":"4000"}},{"@attributes":{"member_name":"Costa, Jim","cid":"N00026341","party":"D","state":"California","total":"4000","indivs":"0","pacs":"4000"}},{"@attributes":{"member_name":"Yoho, Ted","cid":"N00033220","party":"R","state":"Florida","total":"4000","indivs":"0","pacs":"4000"}},{"@attributes":{"member_name":"Peterson, Collin","cid":"N00004558","party":"D","state":"Minnesota","total":"4000","indivs":"0","pacs":"4000"}},{"@attributes":{"member_name":"Maloney, Sean Patrick","cid":"N00034277","party":"D","state":"New York","total":"3500","indivs":"0","pacs":"3500"}},{"@attributes":{"member_name":"Kirkpatrick, Ann","cid":"N00029260","party":"D","state":"Arizona","total":"3426","indivs":"2426","pacs":"1000"}},{"@attributes":{"member_name":"Neugebauer, Randy","cid":"N00026043","party":"R","state":"Texas","total":"3000","indivs":"0","pacs":"3000"}},{"@attributes":{"member_name":"Bustos, Cheri","cid":"N00033390","party":"D","state":"Illinois","total":"2929","indivs":"1929","pacs":"1000"}},{"@attributes":{"member_name":"Emmer, Tom","cid":"N00035440","party":"R","state":"Minnesota","total":"2000","indivs":"0","pacs":"2000"}},{"@attributes":{"member_name":"Benishek, Dan","cid":"N00031934","party":"R","state":"Michigan","total":"1000","indivs":"0","pacs":"1000"}},{"@attributes":{"member_name":"Denham, Jeff","cid":"N00031593","party":"R","state":"California","total":"1000","indivs":"0","pacs":"1000"}},{"@attributes":{"member_name":"Davis, Rodney","cid":"N00034784","party":"R","state":"Illinois","total":"1000","indivs":"0","pacs":"1000"}},{"@attributes":{"member_name":"Rouzer, David","cid":"N00033527","party":"R","state":"North Carolina","total":"1000","indivs":"0","pacs":"1000"}},{"@attributes":{"member_name":"Nolan, Rick","cid":"N00021207","party":"D","state":"Minnesota","total":"359","indivs":"359","pacs":"0"}}]}}}