{"response":{"committee":{"@attributes":{"committee_name":"HAGR","industry":"Candidate Cmtes","congno":"114","origin":"Center for Responsive Politics","source":"http:\/\/www.opensecrets.org\/cmteprofiles\/profiles.php?cmte=HAGR&congno=114","last_updated":"02\/08\/17"},"member":[{"@attributes":{"member_name":"Nolan, Rick","cid":"N00021207","party":"D","state":"Minnesota","total":"121461","indivs":"0","pacs":"121461"}},{"@attributes":{"member_name":"Kuster, Ann Mclane","cid":"N00030875","party":"D","state":"New Hampshire","total":"90800","indivs":"0","pacs":"90800"}},{"@attributes":{"member_name":"Bustos, Cheri","cid":"N00033390","party":"D","state":"Illinois","total":"87000","indivs":"0","pacs":"87000"}},{"@attributes":{"member_name":"Ashford, Brad","cid":"N00005293","party":"D","state":"Nebraska","total":"78628","indivs":"0","pacs":"78628"}},{"@attributes":{"member_name":"Denham, Jeff","cid":"N00031593","party":"R","state":"California","total":"76547","indivs":"1889","pacs":"74658"}},{"@attributes":{"member_name":"Aguilar, Pete","cid":"N00033997","party":"D","state":"California","total":"70000","indivs":"0","pacs":"70000"}},{"@attributes":{"member_name":"Bost, Mike","cid":"N00035420","party":"R","state":"Illinois","total":"60687","indivs":"571","pacs":"60116"}},{"@attributes":{"member_name":"Maloney, Sean Patrick","cid":"N00034277","party":"D","state":"New York","total":"51500","indivs":"0","pacs":"51500"}},{"@attributes":{"member_name":"Adams, Alma","cid":"N00035451","party":"D","state":"North Carolina","total":"51000","indivs":"0","pacs":"51000"}},{"@attributes":{"member_name":"Davis, Rodney","cid":"N00034784","party":"R","state":"Illinois","total":"40650","indivs":"2167","pacs":"38483"}},{"@attributes":{"member_name":"Kirkpatrick, Ann","cid":"N00029260","party":"D","state":"Arizona","total":"32300","indivs":"0","pacs":"32300"}},{"@attributes":{"member_name":"Graham, Gwen","cid":"N00035688","party":"D","state":"Florida","total":"31800","indivs":"0","pacs":"31800"}},{"@attributes":{"member_name":"Moolenaar, John","cid":"N00036275","party":"R","state":"Michigan","total":"28000","indivs":"0","pacs":"28000"}},{"@attributes":{"member_name":"Benishek, Dan","cid":"N00031934","party":"R","state":"Michigan","total":"25167","indivs":"2167","pacs":"23000"}},{"@attributes":{"member_name":"Desjarlais, Scott","cid":"N00030957","party":"R","state":"Tennessee","total":"23000","indivs":"0","pacs":"23000"}},{"@attributes":{"member_name":"Allen, Richard W","cid":"N00033720","party":"R","state":"Georgia","total":"21821","indivs":"821","pacs":"21000"}},{"@attributes":{"member_name":"Newhouse, Dan","cid":"N00036403","party":"R","state":"Washington","total":"16721","indivs":"571","pacs":"16150"}},{"@attributes":{"member_name":"Rogers, Mike D","cid":"N00024759","party":"R","state":"Alabama","total":"16550","indivs":"0","pacs":"16550"}},{"@attributes":{"member_name":"Costa, Jim","cid":"N00026341","party":"D","state":"California","total":"16500","indivs":"0","pacs":"16500"}},{"@attributes":{"member_name":"Walorski, Jackie","cid":"N00031226","party":"R","state":"Indiana","total":"13864","indivs":"571","pacs":"13293"}},{"@attributes":{"member_name":"DelBene, Suzan","cid":"N00030693","party":"D","state":"Washington","total":"10000","indivs":"0","pacs":"10000"}},{"@attributes":{"member_name":"Rouzer, David","cid":"N00033527","party":"R","state":"North Carolina","total":"9071","indivs":"571","pacs":"8500"}},{"@attributes":{"member_name":"Peterson, Collin","cid":"N00004558","party":"D","state":"Minnesota","total":"9000","indivs":"0","pacs":"9000"}},{"@attributes":{"member_name":"Abraham, Ralph","cid":"N00036633","party":"R","state":"Louisiana","total":"8571","indivs":"571","pacs":"8000"}},{"@attributes":{"member_name":"Walz, Tim","cid":"N00027467","party":"D","state":"Minnesota","total":"8000","indivs":"0","pacs":"8000"}},{"@attributes":{"member_name":"Fudge, Marcia L","cid":"N00030490","party":"D","state":"Ohio","total":"8000","indivs":"0","pacs":"8000"}},{"@attributes":{"member_name":"Lucas, Frank D","cid":"N00005559","party":"R","state":"Oklahoma","total":"8000","indivs":"0","pacs":"8000"}},{"@attributes":{"member_name":"Hartzler, Vicky","cid":"N00031005","party":"R","state":"Missouri","total":"7000","indivs":"0","pacs":"7000"}},{"@attributes":{"member_name":"LaMalfa, Doug","cid":"N00033987","party":"R","state":"California","total":"7000","indivs":"0","pacs":"7000"}},{"@attributes":{"member_name":"King, Steven A","cid":"N00025237","party":"R","state":"Iowa","total":"5000","indivs":"0","pacs":"5000"}},{"@attributes":{"member_name":"Plaskett, Stacey","cid":"N00035000","party":"D","state":"Virgin Islands","total":"5000","indivs":"0","pacs":"5000"}},{"@attributes":{"member_name":"Gibbs, Bob","cid":"N00031128","party":"R","state":"Ohio","total":"4500","indivs":"0","pacs":"4500"}},{"@attributes":{"member_name":"Scott, Austin","cid":"N00032457","party":"R","state":"Georgia","total":"4500","indivs":"0","pacs":"4500"}},{"@attributes":{"member_name":"Emmer, Tom","cid":"N00035440","party":"R","state":"Minnesota","total":"4230","indivs":"0","pacs":"4230"}},{"@attributes":{"member_name":"Crawford, Rick","cid":"N00030770","party":"R","state":"Arkansas","total":"4000","indivs":"0","pacs":"4000"}},{"@attributes":{"member_name":"Thompson, Glenn","cid":"N00029736","party":"R","state":"Pennsylvania","total":"4000","indivs":"0","pacs":"4000"}},{"@attributes":{"member_name":"Conaway, Mike","cid":"N00026041","party":"R","state":"Texas","total":"4000","indivs":"0","pacs":"4000"}},{"@attributes":{"member_name":"Goodlatte, Bob","cid":"N00009154","party":"R","state":"Virginia","total":"3000","indivs":"0","pacs":"3000"}},{"@attributes":{"member_name":"Grisham, Michelle Lujan","cid":"N00029400","party":"D","state":"New Mexico","total":"3000","indivs":"0","pacs":"3000"}},{"@attributes":{"member_name":"Vela, Filemon","cid":"N00034349","party":"D","state":"Texas","total":"2949","indivs":"0","pacs":"2949"}},{"@attributes":{"member_name":"Yoho, Ted","cid":"N00033220","party":"R","state":"Florida","total":"2700","indivs":"0","pacs":"2700"}}]}}}