{"response":{"committee":{"@attributes":{"committee_name":"HAGR","industry":"Education","congno":"114","origin":"Center for Responsive Politics","source":"http:\/\/www.opensecrets.org\/cmteprofiles\/profiles.php?cmte=HAGR&congno=114","last_updated":"02\/08\/17"},"member":[{"@attributes":{"member_name":"Kirkpatrick, Ann","cid":"N00029260","party":"D","state":"Arizona","total":"210375","indivs":"210375","pacs":"0"}},{"@attributes":{"member_name":"Kuster, Ann Mclane","cid":"N00030875","party":"D","state":"New Hampshire","total":"81000","indivs":"81000","pacs":"0"}},{"@attributes":{"member_name":"Bustos, Cheri","cid":"N00033390","party":"D","state":"Illinois","total":"71541","indivs":"66541","pacs":"5000"}},{"@attributes":{"member_name":"Aguilar, Pete","cid":"N00033997","party":"D","state":"California","total":"42684","indivs":"41684","pacs":"1000"}},{"@attributes":{"member_name":"Thompson, Glenn","cid":"N00029736","party":"R","state":"Pennsylvania","total":"36250","indivs":"25250","pacs":"11000"}},{"@attributes":{"member_name":"Maloney, Sean Patrick","cid":"N00034277","party":"D","state":"New York","total":"35180","indivs":"35180","pacs":"0"}},{"@attributes":{"member_name":"Nolan, Rick","cid":"N00021207","party":"D","state":"Minnesota","total":"32722","indivs":"32722","pacs":"0"}},{"@attributes":{"member_name":"Ashford, Brad","cid":"N00005293","party":"D","state":"Nebraska","total":"27176","indivs":"27176","pacs":"0"}},{"@attributes":{"member_name":"Grisham, Michelle Lujan","cid":"N00029400","party":"D","state":"New Mexico","total":"27154","indivs":"27154","pacs":"0"}},{"@attributes":{"member_name":"Graham, Gwen","cid":"N00035688","party":"D","state":"Florida","total":"24088","indivs":"24088","pacs":"0"}},{"@attributes":{"member_name":"DelBene, Suzan","cid":"N00030693","party":"D","state":"Washington","total":"20625","indivs":"20625","pacs":"0"}},{"@attributes":{"member_name":"Walz, Tim","cid":"N00027467","party":"D","state":"Minnesota","total":"20575","indivs":"19075","pacs":"1500"}},{"@attributes":{"member_name":"Adams, Alma","cid":"N00035451","party":"D","state":"North Carolina","total":"18430","indivs":"17430","pacs":"1000"}},{"@attributes":{"member_name":"McGovern, James P","cid":"N00000179","party":"D","state":"Massachusetts","total":"17608","indivs":"17608","pacs":"0"}},{"@attributes":{"member_name":"Desjarlais, Scott","cid":"N00030957","party":"R","state":"Tennessee","total":"12600","indivs":"12600","pacs":"0"}},{"@attributes":{"member_name":"Costa, Jim","cid":"N00026341","party":"D","state":"California","total":"11600","indivs":"11600","pacs":"0"}},{"@attributes":{"member_name":"Emmer, Tom","cid":"N00035440","party":"R","state":"Minnesota","total":"9455","indivs":"8455","pacs":"1000"}},{"@attributes":{"member_name":"Hartzler, Vicky","cid":"N00031005","party":"R","state":"Missouri","total":"8900","indivs":"8900","pacs":"0"}},{"@attributes":{"member_name":"Moolenaar, John","cid":"N00036275","party":"R","state":"Michigan","total":"7940","indivs":"4145","pacs":"3795"}},{"@attributes":{"member_name":"Davis, Rodney","cid":"N00034784","party":"R","state":"Illinois","total":"6920","indivs":"3420","pacs":"3500"}},{"@attributes":{"member_name":"Goodlatte, Bob","cid":"N00009154","party":"R","state":"Virginia","total":"6700","indivs":"6700","pacs":"0"}},{"@attributes":{"member_name":"Bost, Mike","cid":"N00035420","party":"R","state":"Illinois","total":"6585","indivs":"6585","pacs":"0"}},{"@attributes":{"member_name":"Walorski, Jackie","cid":"N00031226","party":"R","state":"Indiana","total":"6291","indivs":"6291","pacs":"0"}},{"@attributes":{"member_name":"Vela, Filemon","cid":"N00034349","party":"D","state":"Texas","total":"5500","indivs":"5500","pacs":"0"}},{"@attributes":{"member_name":"Rogers, Mike D","cid":"N00024759","party":"R","state":"Alabama","total":"4450","indivs":"4450","pacs":"0"}},{"@attributes":{"member_name":"Denham, Jeff","cid":"N00031593","party":"R","state":"California","total":"4450","indivs":"3950","pacs":"500"}},{"@attributes":{"member_name":"Conaway, Mike","cid":"N00026041","party":"R","state":"Texas","total":"4150","indivs":"4150","pacs":"0"}},{"@attributes":{"member_name":"Newhouse, Dan","cid":"N00036403","party":"R","state":"Washington","total":"3650","indivs":"3650","pacs":"0"}},{"@attributes":{"member_name":"Allen, Richard W","cid":"N00033720","party":"R","state":"Georgia","total":"3500","indivs":"0","pacs":"3500"}},{"@attributes":{"member_name":"Yoho, Ted","cid":"N00033220","party":"R","state":"Florida","total":"2925","indivs":"2925","pacs":"0"}},{"@attributes":{"member_name":"Abraham, Ralph","cid":"N00036633","party":"R","state":"Louisiana","total":"2700","indivs":"2700","pacs":"0"}},{"@attributes":{"member_name":"Lucas, Frank D","cid":"N00005559","party":"R","state":"Oklahoma","total":"2085","indivs":"2085","pacs":"0"}},{"@attributes":{"member_name":"Gibbs, Bob","cid":"N00031128","party":"R","state":"Ohio","total":"1000","indivs":"1000","pacs":"0"}},{"@attributes":{"member_name":"Rouzer, David","cid":"N00033527","party":"R","state":"North Carolina","total":"1000","indivs":"1000","pacs":"0"}},{"@attributes":{"member_name":"Scott, David","cid":"N00024871","party":"D","state":"Georgia","total":"750","indivs":"750","pacs":"0"}},{"@attributes":{"member_name":"Peterson, Collin","cid":"N00004558","party":"D","state":"Minnesota","total":"750","indivs":"750","pacs":"0"}},{"@attributes":{"member_name":"King, Steven A","cid":"N00025237","party":"R","state":"Iowa","total":"705","indivs":"705","pacs":"0"}},{"@attributes":{"member_name":"Scott, Austin","cid":"N00032457","party":"R","state":"Georgia","total":"500","indivs":"500","pacs":"0"}},{"@attributes":{"member_name":"Crawford, Rick","cid":"N00030770","party":"R","state":"Arkansas","total":"500","indivs":"500","pacs":"0"}},{"@attributes":{"member_name":"LaMalfa, Doug","cid":"N00033987","party":"R","state":"California","total":"250","indivs":"250","pacs":"0"}},{"@attributes":{"member_name":"Benishek, Dan","cid":"N00031934","party":"R","state":"Michigan","total":"250","indivs":"250","pacs":"0"}}]}}}