{"response":{"committee":{"@attributes":{"committee_name":"HAGR","industry":"Transport Unions","congno":"114","origin":"Center for Responsive Politics","source":"http:\/\/www.opensecrets.org\/cmteprofiles\/profiles.php?cmte=HAGR&congno=114","last_updated":"02\/08\/17"},"member":[{"@attributes":{"member_name":"Kirkpatrick, Ann","cid":"N00029260","party":"D","state":"Arizona","total":"99000","indivs":"0","pacs":"99000"}},{"@attributes":{"member_name":"Nolan, Rick","cid":"N00021207","party":"D","state":"Minnesota","total":"75501","indivs":"1","pacs":"75500"}},{"@attributes":{"member_name":"Bustos, Cheri","cid":"N00033390","party":"D","state":"Illinois","total":"70565","indivs":"65","pacs":"70500"}},{"@attributes":{"member_name":"Maloney, Sean Patrick","cid":"N00034277","party":"D","state":"New York","total":"64750","indivs":"0","pacs":"64750"}},{"@attributes":{"member_name":"Davis, Rodney","cid":"N00034784","party":"R","state":"Illinois","total":"53000","indivs":"0","pacs":"53000"}},{"@attributes":{"member_name":"Denham, Jeff","cid":"N00031593","party":"R","state":"California","total":"50500","indivs":"0","pacs":"50500"}},{"@attributes":{"member_name":"Bost, Mike","cid":"N00035420","party":"R","state":"Illinois","total":"50000","indivs":"0","pacs":"50000"}},{"@attributes":{"member_name":"Aguilar, Pete","cid":"N00033997","party":"D","state":"California","total":"47500","indivs":"0","pacs":"47500"}},{"@attributes":{"member_name":"Walz, Tim","cid":"N00027467","party":"D","state":"Minnesota","total":"39000","indivs":"0","pacs":"39000"}},{"@attributes":{"member_name":"Gibbs, Bob","cid":"N00031128","party":"R","state":"Ohio","total":"39000","indivs":"0","pacs":"39000"}},{"@attributes":{"member_name":"Kuster, Ann Mclane","cid":"N00030875","party":"D","state":"New Hampshire","total":"34000","indivs":"0","pacs":"34000"}},{"@attributes":{"member_name":"Vela, Filemon","cid":"N00034349","party":"D","state":"Texas","total":"31500","indivs":"0","pacs":"31500"}},{"@attributes":{"member_name":"Fudge, Marcia L","cid":"N00030490","party":"D","state":"Ohio","total":"29000","indivs":"0","pacs":"29000"}},{"@attributes":{"member_name":"Scott, David","cid":"N00024871","party":"D","state":"Georgia","total":"25000","indivs":"0","pacs":"25000"}},{"@attributes":{"member_name":"McGovern, James P","cid":"N00000179","party":"D","state":"Massachusetts","total":"23500","indivs":"0","pacs":"23500"}},{"@attributes":{"member_name":"Grisham, Michelle Lujan","cid":"N00029400","party":"D","state":"New Mexico","total":"22500","indivs":"0","pacs":"22500"}},{"@attributes":{"member_name":"Peterson, Collin","cid":"N00004558","party":"D","state":"Minnesota","total":"18500","indivs":"0","pacs":"18500"}},{"@attributes":{"member_name":"Newhouse, Dan","cid":"N00036403","party":"R","state":"Washington","total":"17500","indivs":"0","pacs":"17500"}},{"@attributes":{"member_name":"Adams, Alma","cid":"N00035451","party":"D","state":"North Carolina","total":"17500","indivs":"0","pacs":"17500"}},{"@attributes":{"member_name":"Graham, Gwen","cid":"N00035688","party":"D","state":"Florida","total":"15500","indivs":"0","pacs":"15500"}},{"@attributes":{"member_name":"Costa, Jim","cid":"N00026341","party":"D","state":"California","total":"10500","indivs":"0","pacs":"10500"}},{"@attributes":{"member_name":"DelBene, Suzan","cid":"N00030693","party":"D","state":"Washington","total":"10000","indivs":"0","pacs":"10000"}},{"@attributes":{"member_name":"Emmer, Tom","cid":"N00035440","party":"R","state":"Minnesota","total":"10000","indivs":"0","pacs":"10000"}},{"@attributes":{"member_name":"Rouzer, David","cid":"N00033527","party":"R","state":"North Carolina","total":"9000","indivs":"0","pacs":"9000"}},{"@attributes":{"member_name":"Rogers, Mike D","cid":"N00024759","party":"R","state":"Alabama","total":"9000","indivs":"0","pacs":"9000"}},{"@attributes":{"member_name":"Ashford, Brad","cid":"N00005293","party":"D","state":"Nebraska","total":"7500","indivs":"0","pacs":"7500"}},{"@attributes":{"member_name":"Abraham, Ralph","cid":"N00036633","party":"R","state":"Louisiana","total":"6500","indivs":"0","pacs":"6500"}},{"@attributes":{"member_name":"Allen, Richard W","cid":"N00033720","party":"R","state":"Georgia","total":"2000","indivs":"0","pacs":"2000"}},{"@attributes":{"member_name":"Thompson, Glenn","cid":"N00029736","party":"R","state":"Pennsylvania","total":"2000","indivs":"0","pacs":"2000"}},{"@attributes":{"member_name":"Scott, Austin","cid":"N00032457","party":"R","state":"Georgia","total":"2000","indivs":"0","pacs":"2000"}},{"@attributes":{"member_name":"Plaskett, Stacey","cid":"N00035000","party":"D","state":"Virgin Islands","total":"1500","indivs":"0","pacs":"1500"}},{"@attributes":{"member_name":"Conaway, Mike","cid":"N00026041","party":"R","state":"Texas","total":"1000","indivs":"0","pacs":"1000"}},{"@attributes":{"member_name":"Yoho, Ted","cid":"N00033220","party":"R","state":"Florida","total":"1000","indivs":"0","pacs":"1000"}},{"@attributes":{"member_name":"Gibson, Chris","cid":"N00031998","party":"R","state":"New York","total":"-1000","indivs":"0","pacs":"-1000"}}]}}}