{"response":{"committee":{"@attributes":{"committee_name":"HAGR","industry":"Air Transport","congno":"114","origin":"Center for Responsive Politics","source":"http:\/\/www.opensecrets.org\/cmteprofiles\/profiles.php?cmte=HAGR&congno=114","last_updated":"02\/08\/17"},"member":[{"@attributes":{"member_name":"Denham, Jeff","cid":"N00031593","party":"R","state":"California","total":"93450","indivs":"13450","pacs":"80000"}},{"@attributes":{"member_name":"Davis, Rodney","cid":"N00034784","party":"R","state":"Illinois","total":"70999","indivs":"0","pacs":"70999"}},{"@attributes":{"member_name":"Bustos, Cheri","cid":"N00033390","party":"D","state":"Illinois","total":"60003","indivs":"1503","pacs":"58500"}},{"@attributes":{"member_name":"Maloney, Sean Patrick","cid":"N00034277","party":"D","state":"New York","total":"43525","indivs":"25","pacs":"43500"}},{"@attributes":{"member_name":"Rouzer, David","cid":"N00033527","party":"R","state":"North Carolina","total":"31500","indivs":"1000","pacs":"30500"}},{"@attributes":{"member_name":"Gibbs, Bob","cid":"N00031128","party":"R","state":"Ohio","total":"30500","indivs":"0","pacs":"30500"}},{"@attributes":{"member_name":"Scott, Austin","cid":"N00032457","party":"R","state":"Georgia","total":"23700","indivs":"2700","pacs":"21000"}},{"@attributes":{"member_name":"Nolan, Rick","cid":"N00021207","party":"D","state":"Minnesota","total":"22068","indivs":"568","pacs":"21500"}},{"@attributes":{"member_name":"Crawford, Rick","cid":"N00030770","party":"R","state":"Arkansas","total":"18500","indivs":"0","pacs":"18500"}},{"@attributes":{"member_name":"Rogers, Mike D","cid":"N00024759","party":"R","state":"Alabama","total":"16500","indivs":"2000","pacs":"14500"}},{"@attributes":{"member_name":"Allen, Richard W","cid":"N00033720","party":"R","state":"Georgia","total":"15700","indivs":"2700","pacs":"13000"}},{"@attributes":{"member_name":"Scott, David","cid":"N00024871","party":"D","state":"Georgia","total":"13200","indivs":"2700","pacs":"10500"}},{"@attributes":{"member_name":"Walorski, Jackie","cid":"N00031226","party":"R","state":"Indiana","total":"12500","indivs":"500","pacs":"12000"}},{"@attributes":{"member_name":"DelBene, Suzan","cid":"N00030693","party":"D","state":"Washington","total":"12225","indivs":"1225","pacs":"11000"}},{"@attributes":{"member_name":"Bost, Mike","cid":"N00035420","party":"R","state":"Illinois","total":"10950","indivs":"1450","pacs":"9500"}},{"@attributes":{"member_name":"Aguilar, Pete","cid":"N00033997","party":"D","state":"California","total":"10022","indivs":"435","pacs":"9587"}},{"@attributes":{"member_name":"Vela, Filemon","cid":"N00034349","party":"D","state":"Texas","total":"10000","indivs":"0","pacs":"10000"}},{"@attributes":{"member_name":"Costa, Jim","cid":"N00026341","party":"D","state":"California","total":"10000","indivs":"1000","pacs":"9000"}},{"@attributes":{"member_name":"Lucas, Frank D","cid":"N00005559","party":"R","state":"Oklahoma","total":"10000","indivs":"0","pacs":"10000"}},{"@attributes":{"member_name":"Kirkpatrick, Ann","cid":"N00029260","party":"D","state":"Arizona","total":"9825","indivs":"3825","pacs":"6000"}},{"@attributes":{"member_name":"Walz, Tim","cid":"N00027467","party":"D","state":"Minnesota","total":"9000","indivs":"0","pacs":"9000"}},{"@attributes":{"member_name":"Abraham, Ralph","cid":"N00036633","party":"R","state":"Louisiana","total":"8500","indivs":"0","pacs":"8500"}},{"@attributes":{"member_name":"Ashford, Brad","cid":"N00005293","party":"D","state":"Nebraska","total":"8000","indivs":"500","pacs":"7500"}},{"@attributes":{"member_name":"Emmer, Tom","cid":"N00035440","party":"R","state":"Minnesota","total":"7900","indivs":"400","pacs":"7500"}},{"@attributes":{"member_name":"Thompson, Glenn","cid":"N00029736","party":"R","state":"Pennsylvania","total":"7750","indivs":"2750","pacs":"5000"}},{"@attributes":{"member_name":"Goodlatte, Bob","cid":"N00009154","party":"R","state":"Virginia","total":"7500","indivs":"500","pacs":"7000"}},{"@attributes":{"member_name":"Newhouse, Dan","cid":"N00036403","party":"R","state":"Washington","total":"7000","indivs":"0","pacs":"7000"}},{"@attributes":{"member_name":"Adams, Alma","cid":"N00035451","party":"D","state":"North Carolina","total":"6500","indivs":"0","pacs":"6500"}},{"@attributes":{"member_name":"Graham, Gwen","cid":"N00035688","party":"D","state":"Florida","total":"6250","indivs":"250","pacs":"6000"}},{"@attributes":{"member_name":"Fudge, Marcia L","cid":"N00030490","party":"D","state":"Ohio","total":"4500","indivs":"0","pacs":"4500"}},{"@attributes":{"member_name":"Hartzler, Vicky","cid":"N00031005","party":"R","state":"Missouri","total":"4500","indivs":"0","pacs":"4500"}},{"@attributes":{"member_name":"Conaway, Mike","cid":"N00026041","party":"R","state":"Texas","total":"4500","indivs":"0","pacs":"4500"}},{"@attributes":{"member_name":"Yoho, Ted","cid":"N00033220","party":"R","state":"Florida","total":"3000","indivs":"0","pacs":"3000"}},{"@attributes":{"member_name":"McGovern, James P","cid":"N00000179","party":"D","state":"Massachusetts","total":"3000","indivs":"0","pacs":"3000"}},{"@attributes":{"member_name":"Moolenaar, John","cid":"N00036275","party":"R","state":"Michigan","total":"2500","indivs":"0","pacs":"2500"}},{"@attributes":{"member_name":"Benishek, Dan","cid":"N00031934","party":"R","state":"Michigan","total":"2000","indivs":"0","pacs":"2000"}},{"@attributes":{"member_name":"Peterson, Collin","cid":"N00004558","party":"D","state":"Minnesota","total":"2000","indivs":"0","pacs":"2000"}},{"@attributes":{"member_name":"Plaskett, Stacey","cid":"N00035000","party":"D","state":"Virgin Islands","total":"1250","indivs":"250","pacs":"1000"}},{"@attributes":{"member_name":"King, Steven A","cid":"N00025237","party":"R","state":"Iowa","total":"1000","indivs":"500","pacs":"500"}},{"@attributes":{"member_name":"Desjarlais, Scott","cid":"N00030957","party":"R","state":"Tennessee","total":"1000","indivs":"0","pacs":"1000"}},{"@attributes":{"member_name":"LaMalfa, Doug","cid":"N00033987","party":"R","state":"California","total":"1000","indivs":"0","pacs":"1000"}}]}}}