{"response":{"committee":{"@attributes":{"committee_name":"HAGR","industry":"Misc Services","congno":"114","origin":"Center for Responsive Politics","source":"http:\/\/www.opensecrets.org\/cmteprofiles\/profiles.php?cmte=HAGR&congno=114","last_updated":"02\/08\/17"},"member":[{"@attributes":{"member_name":"Maloney, Sean Patrick","cid":"N00034277","party":"D","state":"New York","total":"17398","indivs":"17398","pacs":"0"}},{"@attributes":{"member_name":"Davis, Rodney","cid":"N00034784","party":"R","state":"Illinois","total":"12550","indivs":"6050","pacs":"6500"}},{"@attributes":{"member_name":"Bustos, Cheri","cid":"N00033390","party":"D","state":"Illinois","total":"9770","indivs":"8770","pacs":"1000"}},{"@attributes":{"member_name":"DelBene, Suzan","cid":"N00030693","party":"D","state":"Washington","total":"9503","indivs":"4503","pacs":"5000"}},{"@attributes":{"member_name":"Kuster, Ann Mclane","cid":"N00030875","party":"D","state":"New Hampshire","total":"7520","indivs":"7520","pacs":"0"}},{"@attributes":{"member_name":"Bost, Mike","cid":"N00035420","party":"R","state":"Illinois","total":"7310","indivs":"7310","pacs":"0"}},{"@attributes":{"member_name":"Peterson, Collin","cid":"N00004558","party":"D","state":"Minnesota","total":"7000","indivs":"3500","pacs":"3500"}},{"@attributes":{"member_name":"Gibbs, Bob","cid":"N00031128","party":"R","state":"Ohio","total":"7000","indivs":"1000","pacs":"6000"}},{"@attributes":{"member_name":"Kirkpatrick, Ann","cid":"N00029260","party":"D","state":"Arizona","total":"6615","indivs":"6115","pacs":"500"}},{"@attributes":{"member_name":"Scott, David","cid":"N00024871","party":"D","state":"Georgia","total":"6250","indivs":"1250","pacs":"5000"}},{"@attributes":{"member_name":"Allen, Richard W","cid":"N00033720","party":"R","state":"Georgia","total":"6250","indivs":"1250","pacs":"5000"}},{"@attributes":{"member_name":"Hartzler, Vicky","cid":"N00031005","party":"R","state":"Missouri","total":"6200","indivs":"6200","pacs":"0"}},{"@attributes":{"member_name":"Ashford, Brad","cid":"N00005293","party":"D","state":"Nebraska","total":"5480","indivs":"3480","pacs":"2000"}},{"@attributes":{"member_name":"Desjarlais, Scott","cid":"N00030957","party":"R","state":"Tennessee","total":"5200","indivs":"3700","pacs":"1500"}},{"@attributes":{"member_name":"Nolan, Rick","cid":"N00021207","party":"D","state":"Minnesota","total":"4357","indivs":"4357","pacs":"0"}},{"@attributes":{"member_name":"Thompson, Glenn","cid":"N00029736","party":"R","state":"Pennsylvania","total":"4000","indivs":"2000","pacs":"2000"}},{"@attributes":{"member_name":"Denham, Jeff","cid":"N00031593","party":"R","state":"California","total":"3500","indivs":"0","pacs":"3500"}},{"@attributes":{"member_name":"Rouzer, David","cid":"N00033527","party":"R","state":"North Carolina","total":"3250","indivs":"750","pacs":"2500"}},{"@attributes":{"member_name":"Yoho, Ted","cid":"N00033220","party":"R","state":"Florida","total":"3150","indivs":"3150","pacs":"0"}},{"@attributes":{"member_name":"Scott, Austin","cid":"N00032457","party":"R","state":"Georgia","total":"3000","indivs":"0","pacs":"3000"}},{"@attributes":{"member_name":"Conaway, Mike","cid":"N00026041","party":"R","state":"Texas","total":"3000","indivs":"500","pacs":"2500"}},{"@attributes":{"member_name":"McGovern, James P","cid":"N00000179","party":"D","state":"Massachusetts","total":"2950","indivs":"1950","pacs":"1000"}},{"@attributes":{"member_name":"Costa, Jim","cid":"N00026341","party":"D","state":"California","total":"2500","indivs":"2500","pacs":"0"}},{"@attributes":{"member_name":"Abraham, Ralph","cid":"N00036633","party":"R","state":"Louisiana","total":"2500","indivs":"2500","pacs":"0"}},{"@attributes":{"member_name":"Rogers, Mike D","cid":"N00024759","party":"R","state":"Alabama","total":"2500","indivs":"2500","pacs":"0"}},{"@attributes":{"member_name":"Grisham, Michelle Lujan","cid":"N00029400","party":"D","state":"New Mexico","total":"2255","indivs":"2255","pacs":"0"}},{"@attributes":{"member_name":"Crawford, Rick","cid":"N00030770","party":"R","state":"Arkansas","total":"2000","indivs":"1000","pacs":"1000"}},{"@attributes":{"member_name":"Walorski, Jackie","cid":"N00031226","party":"R","state":"Indiana","total":"2000","indivs":"1000","pacs":"1000"}},{"@attributes":{"member_name":"Emmer, Tom","cid":"N00035440","party":"R","state":"Minnesota","total":"1850","indivs":"1350","pacs":"500"}},{"@attributes":{"member_name":"Adams, Alma","cid":"N00035451","party":"D","state":"North Carolina","total":"1850","indivs":"1850","pacs":"0"}},{"@attributes":{"member_name":"Moolenaar, John","cid":"N00036275","party":"R","state":"Michigan","total":"1500","indivs":"1500","pacs":"0"}},{"@attributes":{"member_name":"Goodlatte, Bob","cid":"N00009154","party":"R","state":"Virginia","total":"1500","indivs":"0","pacs":"1500"}},{"@attributes":{"member_name":"Graham, Gwen","cid":"N00035688","party":"D","state":"Florida","total":"1425","indivs":"1425","pacs":"0"}},{"@attributes":{"member_name":"Newhouse, Dan","cid":"N00036403","party":"R","state":"Washington","total":"1300","indivs":"1300","pacs":"0"}},{"@attributes":{"member_name":"King, Steven A","cid":"N00025237","party":"R","state":"Iowa","total":"1250","indivs":"1250","pacs":"0"}},{"@attributes":{"member_name":"Lucas, Frank D","cid":"N00005559","party":"R","state":"Oklahoma","total":"1000","indivs":"0","pacs":"1000"}},{"@attributes":{"member_name":"LaMalfa, Doug","cid":"N00033987","party":"R","state":"California","total":"1000","indivs":"0","pacs":"1000"}},{"@attributes":{"member_name":"Vela, Filemon","cid":"N00034349","party":"D","state":"Texas","total":"1000","indivs":"1000","pacs":"0"}},{"@attributes":{"member_name":"Aguilar, Pete","cid":"N00033997","party":"D","state":"California","total":"951","indivs":"951","pacs":"0"}},{"@attributes":{"member_name":"Benishek, Dan","cid":"N00031934","party":"R","state":"Michigan","total":"250","indivs":"250","pacs":"0"}}]}}}