{"response":{"committee":{"@attributes":{"committee_name":"HAGR","industry":"Industrial Unions","congno":"114","origin":"Center for Responsive Politics","source":"http:\/\/www.opensecrets.org\/cmteprofiles\/profiles.php?cmte=HAGR&congno=114","last_updated":"02\/08\/17"},"member":[{"@attributes":{"member_name":"Adams, Alma","cid":"N00035451","party":"D","state":"North Carolina","total":"62000","indivs":"0","pacs":"62000"}},{"@attributes":{"member_name":"Kuster, Ann Mclane","cid":"N00030875","party":"D","state":"New Hampshire","total":"49500","indivs":"0","pacs":"49500"}},{"@attributes":{"member_name":"Nolan, Rick","cid":"N00021207","party":"D","state":"Minnesota","total":"46362","indivs":"362","pacs":"46000"}},{"@attributes":{"member_name":"Bustos, Cheri","cid":"N00033390","party":"D","state":"Illinois","total":"46000","indivs":"0","pacs":"46000"}},{"@attributes":{"member_name":"Fudge, Marcia L","cid":"N00030490","party":"D","state":"Ohio","total":"42500","indivs":"0","pacs":"42500"}},{"@attributes":{"member_name":"Walz, Tim","cid":"N00027467","party":"D","state":"Minnesota","total":"38200","indivs":"200","pacs":"38000"}},{"@attributes":{"member_name":"Grisham, Michelle Lujan","cid":"N00029400","party":"D","state":"New Mexico","total":"37500","indivs":"0","pacs":"37500"}},{"@attributes":{"member_name":"Kirkpatrick, Ann","cid":"N00029260","party":"D","state":"Arizona","total":"37000","indivs":"0","pacs":"37000"}},{"@attributes":{"member_name":"Scott, David","cid":"N00024871","party":"D","state":"Georgia","total":"36000","indivs":"0","pacs":"36000"}},{"@attributes":{"member_name":"Aguilar, Pete","cid":"N00033997","party":"D","state":"California","total":"35500","indivs":"0","pacs":"35500"}},{"@attributes":{"member_name":"Maloney, Sean Patrick","cid":"N00034277","party":"D","state":"New York","total":"32750","indivs":"250","pacs":"32500"}},{"@attributes":{"member_name":"Vela, Filemon","cid":"N00034349","party":"D","state":"Texas","total":"32000","indivs":"0","pacs":"32000"}},{"@attributes":{"member_name":"McGovern, James P","cid":"N00000179","party":"D","state":"Massachusetts","total":"23050","indivs":"550","pacs":"22500"}},{"@attributes":{"member_name":"Graham, Gwen","cid":"N00035688","party":"D","state":"Florida","total":"22000","indivs":"0","pacs":"22000"}},{"@attributes":{"member_name":"Peterson, Collin","cid":"N00004558","party":"D","state":"Minnesota","total":"16500","indivs":"0","pacs":"16500"}},{"@attributes":{"member_name":"Bost, Mike","cid":"N00035420","party":"R","state":"Illinois","total":"12000","indivs":"0","pacs":"12000"}},{"@attributes":{"member_name":"Thompson, Glenn","cid":"N00029736","party":"R","state":"Pennsylvania","total":"10000","indivs":"0","pacs":"10000"}},{"@attributes":{"member_name":"Denham, Jeff","cid":"N00031593","party":"R","state":"California","total":"10000","indivs":"0","pacs":"10000"}},{"@attributes":{"member_name":"Davis, Rodney","cid":"N00034784","party":"R","state":"Illinois","total":"9000","indivs":"0","pacs":"9000"}},{"@attributes":{"member_name":"Plaskett, Stacey","cid":"N00035000","party":"D","state":"Virgin Islands","total":"5000","indivs":"0","pacs":"5000"}},{"@attributes":{"member_name":"Ashford, Brad","cid":"N00005293","party":"D","state":"Nebraska","total":"3000","indivs":"0","pacs":"3000"}},{"@attributes":{"member_name":"Gibbs, Bob","cid":"N00031128","party":"R","state":"Ohio","total":"1000","indivs":"0","pacs":"1000"}},{"@attributes":{"member_name":"Desjarlais, Scott","cid":"N00030957","party":"R","state":"Tennessee","total":"1000","indivs":"0","pacs":"1000"}},{"@attributes":{"member_name":"Rogers, Mike D","cid":"N00024759","party":"R","state":"Alabama","total":"1000","indivs":"0","pacs":"1000"}}]}}}