{"response":{"committee":{"@attributes":{"committee_name":"HAPP","industry":"TV\/Movies\/Music","congno":"114","origin":"Center for Responsive Politics","source":"http:\/\/www.opensecrets.org\/cmteprofiles\/profiles.php?cmte=HAPP&congno=114","last_updated":"02\/08\/17"},"member":[{"@attributes":{"member_name":"Schultz, Debbie Wasserman","cid":"N00026106","party":"D","state":"Florida","total":"83065","indivs":"54565","pacs":"28500"}},{"@attributes":{"member_name":"Lowey, Nita M","cid":"N00001024","party":"D","state":"New York","total":"24600","indivs":"21600","pacs":"3000"}},{"@attributes":{"member_name":"Kilmer, Derek","cid":"N00034453","party":"D","state":"Washington","total":"24130","indivs":"12630","pacs":"11500"}},{"@attributes":{"member_name":"Roybal-Allard, Lucille","cid":"N00006671","party":"D","state":"California","total":"14400","indivs":"13900","pacs":"500"}},{"@attributes":{"member_name":"Ruppersberger, Dutch","cid":"N00025482","party":"D","state":"Maryland","total":"14000","indivs":"7500","pacs":"6500"}},{"@attributes":{"member_name":"Yoder, Kevin","cid":"N00031502","party":"R","state":"Kansas","total":"13000","indivs":"1500","pacs":"11500"}},{"@attributes":{"member_name":"Israel, Steve","cid":"N00013345","party":"D","state":"New York","total":"11675","indivs":"5675","pacs":"6000"}},{"@attributes":{"member_name":"Diaz-Balart, Mario","cid":"N00025337","party":"R","state":"Florida","total":"11000","indivs":"0","pacs":"11000"}},{"@attributes":{"member_name":"Cuellar, Henry","cid":"N00024978","party":"D","state":"Texas","total":"10500","indivs":"0","pacs":"10500"}},{"@attributes":{"member_name":"Frelinghuysen, Rodney","cid":"N00000684","party":"R","state":"New Jersey","total":"9300","indivs":"3300","pacs":"6000"}},{"@attributes":{"member_name":"Honda, Mike","cid":"N00012611","party":"D","state":"California","total":"9116","indivs":"9116","pacs":"0"}},{"@attributes":{"member_name":"Quigley, Mike","cid":"N00030581","party":"D","state":"Illinois","total":"9000","indivs":"0","pacs":"9000"}},{"@attributes":{"member_name":"Graves, Tom","cid":"N00030788","party":"R","state":"Georgia","total":"9000","indivs":"0","pacs":"9000"}},{"@attributes":{"member_name":"Stewart, Chris","cid":"N00033932","party":"R","state":"Utah","total":"8750","indivs":"6250","pacs":"2500"}},{"@attributes":{"member_name":"Rooney, Tom","cid":"N00029018","party":"R","state":"Florida","total":"6500","indivs":"4000","pacs":"2500"}},{"@attributes":{"member_name":"Crenshaw, Ander","cid":"N00012739","party":"R","state":"Florida","total":"6262","indivs":"250","pacs":"6012"}},{"@attributes":{"member_name":"Womack, Steve","cid":"N00031857","party":"R","state":"Arkansas","total":"6070","indivs":"2070","pacs":"4000"}},{"@attributes":{"member_name":"Rogers, Hal","cid":"N00003473","party":"R","state":"Kentucky","total":"5700","indivs":"1200","pacs":"4500"}},{"@attributes":{"member_name":"Ryan, Tim","cid":"N00025280","party":"D","state":"Ohio","total":"5000","indivs":"2500","pacs":"2500"}},{"@attributes":{"member_name":"Pingree, Chellie","cid":"N00013817","party":"D","state":"Maine","total":"4800","indivs":"4800","pacs":"0"}},{"@attributes":{"member_name":"Jolly, David","cid":"N00035717","party":"R","state":"Florida","total":"4750","indivs":"4750","pacs":"0"}},{"@attributes":{"member_name":"Aderholt, Robert B","cid":"N00003028","party":"R","state":"Alabama","total":"4000","indivs":"2500","pacs":"1500"}},{"@attributes":{"member_name":"Fleischmann, Chuck","cid":"N00030815","party":"R","state":"Tennessee","total":"3700","indivs":"2700","pacs":"1000"}},{"@attributes":{"member_name":"Lee, Barbara","cid":"N00008046","party":"D","state":"California","total":"3550","indivs":"2550","pacs":"1000"}},{"@attributes":{"member_name":"Price, David","cid":"N00002260","party":"D","state":"North Carolina","total":"3450","indivs":"3450","pacs":"0"}},{"@attributes":{"member_name":"Amodei, Mark","cid":"N00031177","party":"R","state":"Nevada","total":"3000","indivs":"1000","pacs":"2000"}},{"@attributes":{"member_name":"Valadao, David","cid":"N00033367","party":"R","state":"California","total":"3000","indivs":"0","pacs":"3000"}},{"@attributes":{"member_name":"Roby, Martha","cid":"N00030768","party":"R","state":"Alabama","total":"2950","indivs":"450","pacs":"2500"}},{"@attributes":{"member_name":"DeLauro, Rosa L","cid":"N00000615","party":"D","state":"Connecticut","total":"2950","indivs":"2950","pacs":"0"}},{"@attributes":{"member_name":"Rigell, Scott","cid":"N00030962","party":"R","state":"Virginia","total":"2700","indivs":"2700","pacs":"0"}},{"@attributes":{"member_name":"Granger, Kay","cid":"N00008799","party":"R","state":"Texas","total":"2500","indivs":"1000","pacs":"1500"}},{"@attributes":{"member_name":"Serrano, Jose E","cid":"N00001813","party":"D","state":"New York","total":"2000","indivs":"0","pacs":"2000"}},{"@attributes":{"member_name":"Bishop, Sanford","cid":"N00002674","party":"D","state":"Georgia","total":"2000","indivs":"0","pacs":"2000"}},{"@attributes":{"member_name":"Carter, John","cid":"N00025095","party":"R","state":"Texas","total":"1500","indivs":"0","pacs":"1500"}},{"@attributes":{"member_name":"Harris, Andy","cid":"N00029147","party":"R","state":"Maryland","total":"1250","indivs":"250","pacs":"1000"}},{"@attributes":{"member_name":"Visclosky, Pete","cid":"N00003813","party":"D","state":"Indiana","total":"1050","indivs":"50","pacs":"1000"}},{"@attributes":{"member_name":"Farr, Sam","cid":"N00007312","party":"D","state":"California","total":"1000","indivs":"0","pacs":"1000"}},{"@attributes":{"member_name":"Young, David","cid":"N00035509","party":"R","state":"Iowa","total":"1000","indivs":"0","pacs":"1000"}},{"@attributes":{"member_name":"Jenkins, Evan","cid":"N00035531","party":"R","state":"West Virginia","total":"1000","indivs":"0","pacs":"1000"}},{"@attributes":{"member_name":"Dent, Charlie","cid":"N00026171","party":"R","state":"Pennsylvania","total":"1000","indivs":"0","pacs":"1000"}},{"@attributes":{"member_name":"Simpson, Mike","cid":"N00006263","party":"R","state":"Idaho","total":"1000","indivs":"0","pacs":"1000"}},{"@attributes":{"member_name":"McCollum, Betty","cid":"N00012942","party":"D","state":"Minnesota","total":"1000","indivs":"1000","pacs":"0"}},{"@attributes":{"member_name":"Kaptur, Marcy","cid":"N00003522","party":"D","state":"Ohio","total":"6","indivs":"6","pacs":"0"}}]}}}