{"response":{"committee":{"@attributes":{"committee_name":"HAPP","industry":"Beer, Wine & Liquor","congno":"114","origin":"Center for Responsive Politics","source":"http:\/\/www.opensecrets.org\/cmteprofiles\/profiles.php?cmte=HAPP&congno=114","last_updated":"02\/08\/17"},"member":[{"@attributes":{"member_name":"Valadao, David","cid":"N00033367","party":"R","state":"California","total":"62400","indivs":"28400","pacs":"34000"}},{"@attributes":{"member_name":"Schultz, Debbie Wasserman","cid":"N00026106","party":"D","state":"Florida","total":"57875","indivs":"25875","pacs":"32000"}},{"@attributes":{"member_name":"Diaz-Balart, Mario","cid":"N00025337","party":"R","state":"Florida","total":"32660","indivs":"3700","pacs":"28960"}},{"@attributes":{"member_name":"Graves, Tom","cid":"N00030788","party":"R","state":"Georgia","total":"31200","indivs":"16700","pacs":"14500"}},{"@attributes":{"member_name":"Young, David","cid":"N00035509","party":"R","state":"Iowa","total":"27450","indivs":"10450","pacs":"17000"}},{"@attributes":{"member_name":"Cuellar, Henry","cid":"N00024978","party":"D","state":"Texas","total":"27000","indivs":"10000","pacs":"17000"}},{"@attributes":{"member_name":"Rogers, Hal","cid":"N00003473","party":"R","state":"Kentucky","total":"26000","indivs":"0","pacs":"26000"}},{"@attributes":{"member_name":"Culberson, John","cid":"N00009738","party":"R","state":"Texas","total":"25500","indivs":"15500","pacs":"10000"}},{"@attributes":{"member_name":"Joyce, David P","cid":"N00035007","party":"R","state":"Ohio","total":"25371","indivs":"6500","pacs":"18871"}},{"@attributes":{"member_name":"Beutler, Jaime Herrera","cid":"N00031559","party":"R","state":"Washington","total":"24946","indivs":"14946","pacs":"10000"}},{"@attributes":{"member_name":"Womack, Steve","cid":"N00031857","party":"R","state":"Arkansas","total":"24500","indivs":"0","pacs":"24500"}},{"@attributes":{"member_name":"Kilmer, Derek","cid":"N00034453","party":"D","state":"Washington","total":"21971","indivs":"6000","pacs":"15971"}},{"@attributes":{"member_name":"Quigley, Mike","cid":"N00030581","party":"D","state":"Illinois","total":"21000","indivs":"2500","pacs":"18500"}},{"@attributes":{"member_name":"Yoder, Kevin","cid":"N00031502","party":"R","state":"Kansas","total":"20500","indivs":"0","pacs":"20500"}},{"@attributes":{"member_name":"Lee, Barbara","cid":"N00008046","party":"D","state":"California","total":"20400","indivs":"15400","pacs":"5000"}},{"@attributes":{"member_name":"Amodei, Mark","cid":"N00031177","party":"R","state":"Nevada","total":"20350","indivs":"0","pacs":"20350"}},{"@attributes":{"member_name":"Calvert, Ken","cid":"N00007099","party":"R","state":"California","total":"20300","indivs":"5800","pacs":"14500"}},{"@attributes":{"member_name":"Roby, Martha","cid":"N00030768","party":"R","state":"Alabama","total":"20200","indivs":"3200","pacs":"17000"}},{"@attributes":{"member_name":"Fleischmann, Chuck","cid":"N00030815","party":"R","state":"Tennessee","total":"18900","indivs":"9900","pacs":"9000"}},{"@attributes":{"member_name":"Simpson, Mike","cid":"N00006263","party":"R","state":"Idaho","total":"18000","indivs":"0","pacs":"18000"}},{"@attributes":{"member_name":"Frelinghuysen, Rodney","cid":"N00000684","party":"R","state":"New Jersey","total":"17900","indivs":"5400","pacs":"12500"}},{"@attributes":{"member_name":"Crenshaw, Ander","cid":"N00012739","party":"R","state":"Florida","total":"17000","indivs":"0","pacs":"17000"}},{"@attributes":{"member_name":"Aderholt, Robert B","cid":"N00003028","party":"R","state":"Alabama","total":"15000","indivs":"0","pacs":"15000"}},{"@attributes":{"member_name":"Bishop, Sanford","cid":"N00002674","party":"D","state":"Georgia","total":"14000","indivs":"2500","pacs":"11500"}},{"@attributes":{"member_name":"Granger, Kay","cid":"N00008799","party":"R","state":"Texas","total":"13500","indivs":"1000","pacs":"12500"}},{"@attributes":{"member_name":"Dent, Charlie","cid":"N00026171","party":"R","state":"Pennsylvania","total":"13400","indivs":"2400","pacs":"11000"}},{"@attributes":{"member_name":"Ryan, Tim","cid":"N00025280","party":"D","state":"Ohio","total":"12500","indivs":"0","pacs":"12500"}},{"@attributes":{"member_name":"Lowey, Nita M","cid":"N00001024","party":"D","state":"New York","total":"12000","indivs":"2500","pacs":"9500"}},{"@attributes":{"member_name":"Carter, John","cid":"N00025095","party":"R","state":"Texas","total":"11227","indivs":"5400","pacs":"5827"}},{"@attributes":{"member_name":"Serrano, Jose E","cid":"N00001813","party":"D","state":"New York","total":"11200","indivs":"2700","pacs":"8500"}},{"@attributes":{"member_name":"Roybal-Allard, Lucille","cid":"N00006671","party":"D","state":"California","total":"11000","indivs":"0","pacs":"11000"}},{"@attributes":{"member_name":"Cole, Tom","cid":"N00025726","party":"R","state":"Oklahoma","total":"11000","indivs":"0","pacs":"11000"}},{"@attributes":{"member_name":"Israel, Steve","cid":"N00013345","party":"D","state":"New York","total":"10999","indivs":"0","pacs":"10999"}},{"@attributes":{"member_name":"McCollum, Betty","cid":"N00012942","party":"D","state":"Minnesota","total":"10000","indivs":"0","pacs":"10000"}},{"@attributes":{"member_name":"Ruppersberger, Dutch","cid":"N00025482","party":"D","state":"Maryland","total":"10000","indivs":"0","pacs":"10000"}},{"@attributes":{"member_name":"Visclosky, Pete","cid":"N00003813","party":"D","state":"Indiana","total":"10000","indivs":"0","pacs":"10000"}},{"@attributes":{"member_name":"Rooney, Tom","cid":"N00029018","party":"R","state":"Florida","total":"9500","indivs":"0","pacs":"9500"}},{"@attributes":{"member_name":"Jenkins, Evan","cid":"N00035531","party":"R","state":"West Virginia","total":"9250","indivs":"750","pacs":"8500"}},{"@attributes":{"member_name":"Harris, Andy","cid":"N00029147","party":"R","state":"Maryland","total":"8814","indivs":"475","pacs":"8339"}},{"@attributes":{"member_name":"Fortenberry, Jeff","cid":"N00026631","party":"R","state":"Nebraska","total":"8500","indivs":"1000","pacs":"7500"}},{"@attributes":{"member_name":"Honda, Mike","cid":"N00012611","party":"D","state":"California","total":"8269","indivs":"1769","pacs":"6500"}},{"@attributes":{"member_name":"Kaptur, Marcy","cid":"N00003522","party":"D","state":"Ohio","total":"7750","indivs":"250","pacs":"7500"}},{"@attributes":{"member_name":"DeLauro, Rosa L","cid":"N00000615","party":"D","state":"Connecticut","total":"7500","indivs":"0","pacs":"7500"}},{"@attributes":{"member_name":"Fattah, Chaka","cid":"N00001746","party":"D","state":"Pennsylvania","total":"6100","indivs":"3600","pacs":"2500"}},{"@attributes":{"member_name":"Farr, Sam","cid":"N00007312","party":"D","state":"California","total":"6080","indivs":"5580","pacs":"500"}},{"@attributes":{"member_name":"Jolly, David","cid":"N00035717","party":"R","state":"Florida","total":"5000","indivs":"0","pacs":"5000"}},{"@attributes":{"member_name":"Price, David","cid":"N00002260","party":"D","state":"North Carolina","total":"4250","indivs":"750","pacs":"3500"}},{"@attributes":{"member_name":"Stewart, Chris","cid":"N00033932","party":"R","state":"Utah","total":"3000","indivs":"0","pacs":"3000"}},{"@attributes":{"member_name":"Pingree, Chellie","cid":"N00013817","party":"D","state":"Maine","total":"100","indivs":"100","pacs":"0"}}]}}}