{"response":{"committee":{"@attributes":{"committee_name":"HAPP","industry":"Commercial Banks","congno":"114","origin":"Center for Responsive Politics","source":"http:\/\/www.opensecrets.org\/cmteprofiles\/profiles.php?cmte=HAPP&congno=114","last_updated":"02\/08\/17"},"member":[{"@attributes":{"member_name":"Yoder, Kevin","cid":"N00031502","party":"R","state":"Kansas","total":"146950","indivs":"55950","pacs":"91000"}},{"@attributes":{"member_name":"Graves, Tom","cid":"N00030788","party":"R","state":"Georgia","total":"77849","indivs":"350","pacs":"77499"}},{"@attributes":{"member_name":"Crenshaw, Ander","cid":"N00012739","party":"R","state":"Florida","total":"66250","indivs":"7250","pacs":"59000"}},{"@attributes":{"member_name":"Young, David","cid":"N00035509","party":"R","state":"Iowa","total":"52150","indivs":"15150","pacs":"37000"}},{"@attributes":{"member_name":"Cole, Tom","cid":"N00025726","party":"R","state":"Oklahoma","total":"50050","indivs":"25650","pacs":"24400"}},{"@attributes":{"member_name":"Kilmer, Derek","cid":"N00034453","party":"D","state":"Washington","total":"47900","indivs":"4900","pacs":"43000"}},{"@attributes":{"member_name":"Rogers, Hal","cid":"N00003473","party":"R","state":"Kentucky","total":"46500","indivs":"4000","pacs":"42500"}},{"@attributes":{"member_name":"Schultz, Debbie Wasserman","cid":"N00026106","party":"D","state":"Florida","total":"38650","indivs":"6150","pacs":"32500"}},{"@attributes":{"member_name":"Aderholt, Robert B","cid":"N00003028","party":"R","state":"Alabama","total":"35580","indivs":"5580","pacs":"30000"}},{"@attributes":{"member_name":"Joyce, David P","cid":"N00035007","party":"R","state":"Ohio","total":"34400","indivs":"10900","pacs":"23500"}},{"@attributes":{"member_name":"Fleischmann, Chuck","cid":"N00030815","party":"R","state":"Tennessee","total":"33700","indivs":"10200","pacs":"23500"}},{"@attributes":{"member_name":"Jolly, David","cid":"N00035717","party":"R","state":"Florida","total":"33100","indivs":"23100","pacs":"10000"}},{"@attributes":{"member_name":"Womack, Steve","cid":"N00031857","party":"R","state":"Arkansas","total":"32950","indivs":"10950","pacs":"22000"}},{"@attributes":{"member_name":"Stewart, Chris","cid":"N00033932","party":"R","state":"Utah","total":"30850","indivs":"11350","pacs":"19500"}},{"@attributes":{"member_name":"Carter, John","cid":"N00025095","party":"R","state":"Texas","total":"29500","indivs":"19500","pacs":"10000"}},{"@attributes":{"member_name":"Bishop, Sanford","cid":"N00002674","party":"D","state":"Georgia","total":"28000","indivs":"2500","pacs":"25500"}},{"@attributes":{"member_name":"Dent, Charlie","cid":"N00026171","party":"R","state":"Pennsylvania","total":"27700","indivs":"10700","pacs":"17000"}},{"@attributes":{"member_name":"Roby, Martha","cid":"N00030768","party":"R","state":"Alabama","total":"27250","indivs":"4750","pacs":"22500"}},{"@attributes":{"member_name":"Jenkins, Evan","cid":"N00035531","party":"R","state":"West Virginia","total":"26450","indivs":"4700","pacs":"21750"}},{"@attributes":{"member_name":"Honda, Mike","cid":"N00012611","party":"D","state":"California","total":"24500","indivs":"23500","pacs":"1000"}},{"@attributes":{"member_name":"Fortenberry, Jeff","cid":"N00026631","party":"R","state":"Nebraska","total":"23750","indivs":"3250","pacs":"20500"}},{"@attributes":{"member_name":"Cuellar, Henry","cid":"N00024978","party":"D","state":"Texas","total":"22250","indivs":"3250","pacs":"19000"}},{"@attributes":{"member_name":"Valadao, David","cid":"N00033367","party":"R","state":"California","total":"20500","indivs":"1500","pacs":"19000"}},{"@attributes":{"member_name":"Diaz-Balart, Mario","cid":"N00025337","party":"R","state":"Florida","total":"19000","indivs":"1000","pacs":"18000"}},{"@attributes":{"member_name":"Israel, Steve","cid":"N00013345","party":"D","state":"New York","total":"18500","indivs":"250","pacs":"18250"}},{"@attributes":{"member_name":"Beutler, Jaime Herrera","cid":"N00031559","party":"R","state":"Washington","total":"17640","indivs":"5140","pacs":"12500"}},{"@attributes":{"member_name":"Culberson, John","cid":"N00009738","party":"R","state":"Texas","total":"16500","indivs":"3500","pacs":"13000"}},{"@attributes":{"member_name":"Simpson, Mike","cid":"N00006263","party":"R","state":"Idaho","total":"14750","indivs":"0","pacs":"14750"}},{"@attributes":{"member_name":"Frelinghuysen, Rodney","cid":"N00000684","party":"R","state":"New Jersey","total":"14500","indivs":"0","pacs":"14500"}},{"@attributes":{"member_name":"Granger, Kay","cid":"N00008799","party":"R","state":"Texas","total":"14250","indivs":"6250","pacs":"8000"}},{"@attributes":{"member_name":"Ruppersberger, Dutch","cid":"N00025482","party":"D","state":"Maryland","total":"13500","indivs":"1500","pacs":"12000"}},{"@attributes":{"member_name":"Lee, Barbara","cid":"N00008046","party":"D","state":"California","total":"13100","indivs":"11100","pacs":"2000"}},{"@attributes":{"member_name":"Quigley, Mike","cid":"N00030581","party":"D","state":"Illinois","total":"11800","indivs":"300","pacs":"11500"}},{"@attributes":{"member_name":"Rooney, Tom","cid":"N00029018","party":"R","state":"Florida","total":"10500","indivs":"0","pacs":"10500"}},{"@attributes":{"member_name":"Amodei, Mark","cid":"N00031177","party":"R","state":"Nevada","total":"9000","indivs":"1000","pacs":"8000"}},{"@attributes":{"member_name":"Visclosky, Pete","cid":"N00003813","party":"D","state":"Indiana","total":"8550","indivs":"7550","pacs":"1000"}},{"@attributes":{"member_name":"McCollum, Betty","cid":"N00012942","party":"D","state":"Minnesota","total":"8000","indivs":"2000","pacs":"6000"}},{"@attributes":{"member_name":"DeLauro, Rosa L","cid":"N00000615","party":"D","state":"Connecticut","total":"6808","indivs":"5808","pacs":"1000"}},{"@attributes":{"member_name":"Ryan, Tim","cid":"N00025280","party":"D","state":"Ohio","total":"6750","indivs":"250","pacs":"6500"}},{"@attributes":{"member_name":"Lowey, Nita M","cid":"N00001024","party":"D","state":"New York","total":"6200","indivs":"2700","pacs":"3500"}},{"@attributes":{"member_name":"Calvert, Ken","cid":"N00007099","party":"R","state":"California","total":"5100","indivs":"100","pacs":"5000"}},{"@attributes":{"member_name":"Roybal-Allard, Lucille","cid":"N00006671","party":"D","state":"California","total":"5000","indivs":"5000","pacs":"0"}},{"@attributes":{"member_name":"Rigell, Scott","cid":"N00030962","party":"R","state":"Virginia","total":"5000","indivs":"0","pacs":"5000"}},{"@attributes":{"member_name":"Harris, Andy","cid":"N00029147","party":"R","state":"Maryland","total":"3500","indivs":"0","pacs":"3500"}},{"@attributes":{"member_name":"Kaptur, Marcy","cid":"N00003522","party":"D","state":"Ohio","total":"2750","indivs":"250","pacs":"2500"}},{"@attributes":{"member_name":"Farr, Sam","cid":"N00007312","party":"D","state":"California","total":"1000","indivs":"0","pacs":"1000"}},{"@attributes":{"member_name":"Price, David","cid":"N00002260","party":"D","state":"North Carolina","total":"1000","indivs":"0","pacs":"1000"}}]}}}