{"response":{"committee":{"@attributes":{"committee_name":"HAPP","industry":"Health Services","congno":"114","origin":"Center for Responsive Politics","source":"http:\/\/www.opensecrets.org\/cmteprofiles\/profiles.php?cmte=HAPP&congno=114","last_updated":"02\/08\/17"},"member":[{"@attributes":{"member_name":"Yoder, Kevin","cid":"N00031502","party":"R","state":"Kansas","total":"39800","indivs":"10800","pacs":"29000"}},{"@attributes":{"member_name":"Kilmer, Derek","cid":"N00034453","party":"D","state":"Washington","total":"28100","indivs":"7600","pacs":"20500"}},{"@attributes":{"member_name":"Schultz, Debbie Wasserman","cid":"N00026106","party":"D","state":"Florida","total":"26850","indivs":"14350","pacs":"12500"}},{"@attributes":{"member_name":"Joyce, David P","cid":"N00035007","party":"R","state":"Ohio","total":"16380","indivs":"130","pacs":"16250"}},{"@attributes":{"member_name":"Harris, Andy","cid":"N00029147","party":"R","state":"Maryland","total":"16375","indivs":"11875","pacs":"4500"}},{"@attributes":{"member_name":"Jolly, David","cid":"N00035717","party":"R","state":"Florida","total":"15250","indivs":"2250","pacs":"13000"}},{"@attributes":{"member_name":"Cuellar, Henry","cid":"N00024978","party":"D","state":"Texas","total":"14500","indivs":"0","pacs":"14500"}},{"@attributes":{"member_name":"Price, David","cid":"N00002260","party":"D","state":"North Carolina","total":"14000","indivs":"0","pacs":"14000"}},{"@attributes":{"member_name":"Cole, Tom","cid":"N00025726","party":"R","state":"Oklahoma","total":"13500","indivs":"0","pacs":"13500"}},{"@attributes":{"member_name":"Bishop, Sanford","cid":"N00002674","party":"D","state":"Georgia","total":"13000","indivs":"2500","pacs":"10500"}},{"@attributes":{"member_name":"Fleischmann, Chuck","cid":"N00030815","party":"R","state":"Tennessee","total":"13000","indivs":"0","pacs":"13000"}},{"@attributes":{"member_name":"Valadao, David","cid":"N00033367","party":"R","state":"California","total":"11500","indivs":"0","pacs":"11500"}},{"@attributes":{"member_name":"Roybal-Allard, Lucille","cid":"N00006671","party":"D","state":"California","total":"11500","indivs":"7500","pacs":"4000"}},{"@attributes":{"member_name":"Jenkins, Evan","cid":"N00035531","party":"R","state":"West Virginia","total":"11000","indivs":"0","pacs":"11000"}},{"@attributes":{"member_name":"Lee, Barbara","cid":"N00008046","party":"D","state":"California","total":"10988","indivs":"8988","pacs":"2000"}},{"@attributes":{"member_name":"Rogers, Hal","cid":"N00003473","party":"R","state":"Kentucky","total":"10900","indivs":"1400","pacs":"9500"}},{"@attributes":{"member_name":"Israel, Steve","cid":"N00013345","party":"D","state":"New York","total":"10500","indivs":"0","pacs":"10500"}},{"@attributes":{"member_name":"Diaz-Balart, Mario","cid":"N00025337","party":"R","state":"Florida","total":"10000","indivs":"0","pacs":"10000"}},{"@attributes":{"member_name":"Beutler, Jaime Herrera","cid":"N00031559","party":"R","state":"Washington","total":"9820","indivs":"320","pacs":"9500"}},{"@attributes":{"member_name":"Stewart, Chris","cid":"N00033932","party":"R","state":"Utah","total":"8400","indivs":"400","pacs":"8000"}},{"@attributes":{"member_name":"Frelinghuysen, Rodney","cid":"N00000684","party":"R","state":"New Jersey","total":"8000","indivs":"2000","pacs":"6000"}},{"@attributes":{"member_name":"DeLauro, Rosa L","cid":"N00000615","party":"D","state":"Connecticut","total":"7250","indivs":"1250","pacs":"6000"}},{"@attributes":{"member_name":"Dent, Charlie","cid":"N00026171","party":"R","state":"Pennsylvania","total":"6750","indivs":"750","pacs":"6000"}},{"@attributes":{"member_name":"Lowey, Nita M","cid":"N00001024","party":"D","state":"New York","total":"6253","indivs":"253","pacs":"6000"}},{"@attributes":{"member_name":"Granger, Kay","cid":"N00008799","party":"R","state":"Texas","total":"5500","indivs":"2500","pacs":"3000"}},{"@attributes":{"member_name":"Ruppersberger, Dutch","cid":"N00025482","party":"D","state":"Maryland","total":"5500","indivs":"500","pacs":"5000"}},{"@attributes":{"member_name":"Graves, Tom","cid":"N00030788","party":"R","state":"Georgia","total":"5000","indivs":"5000","pacs":"0"}},{"@attributes":{"member_name":"Womack, Steve","cid":"N00031857","party":"R","state":"Arkansas","total":"5000","indivs":"0","pacs":"5000"}},{"@attributes":{"member_name":"Young, David","cid":"N00035509","party":"R","state":"Iowa","total":"4500","indivs":"0","pacs":"4500"}},{"@attributes":{"member_name":"Honda, Mike","cid":"N00012611","party":"D","state":"California","total":"4100","indivs":"3100","pacs":"1000"}},{"@attributes":{"member_name":"Rigell, Scott","cid":"N00030962","party":"R","state":"Virginia","total":"4000","indivs":"0","pacs":"4000"}},{"@attributes":{"member_name":"McCollum, Betty","cid":"N00012942","party":"D","state":"Minnesota","total":"3450","indivs":"3450","pacs":"0"}},{"@attributes":{"member_name":"Roby, Martha","cid":"N00030768","party":"R","state":"Alabama","total":"3250","indivs":"750","pacs":"2500"}},{"@attributes":{"member_name":"Quigley, Mike","cid":"N00030581","party":"D","state":"Illinois","total":"3000","indivs":"500","pacs":"2500"}},{"@attributes":{"member_name":"Carter, John","cid":"N00025095","party":"R","state":"Texas","total":"2750","indivs":"0","pacs":"2750"}},{"@attributes":{"member_name":"Calvert, Ken","cid":"N00007099","party":"R","state":"California","total":"2000","indivs":"2000","pacs":"0"}},{"@attributes":{"member_name":"Simpson, Mike","cid":"N00006263","party":"R","state":"Idaho","total":"2000","indivs":"0","pacs":"2000"}},{"@attributes":{"member_name":"Aderholt, Robert B","cid":"N00003028","party":"R","state":"Alabama","total":"2000","indivs":"1000","pacs":"1000"}},{"@attributes":{"member_name":"Amodei, Mark","cid":"N00031177","party":"R","state":"Nevada","total":"2000","indivs":"1000","pacs":"1000"}},{"@attributes":{"member_name":"Culberson, John","cid":"N00009738","party":"R","state":"Texas","total":"1000","indivs":"0","pacs":"1000"}},{"@attributes":{"member_name":"Crenshaw, Ander","cid":"N00012739","party":"R","state":"Florida","total":"1000","indivs":"0","pacs":"1000"}},{"@attributes":{"member_name":"Farr, Sam","cid":"N00007312","party":"D","state":"California","total":"1000","indivs":"0","pacs":"1000"}},{"@attributes":{"member_name":"Kaptur, Marcy","cid":"N00003522","party":"D","state":"Ohio","total":"1","indivs":"1","pacs":"0"}}]}}}