{"response":{"committee":{"@attributes":{"committee_name":"HAPP","industry":"Retired","congno":"114","origin":"Center for Responsive Politics","source":"http:\/\/www.opensecrets.org\/cmteprofiles\/profiles.php?cmte=HAPP&congno=114","last_updated":"02\/08\/17"},"member":[{"@attributes":{"member_name":"Honda, Mike","cid":"N00012611","party":"D","state":"California","total":"238514","indivs":"238514","pacs":"0"}},{"@attributes":{"member_name":"Lowey, Nita M","cid":"N00001024","party":"D","state":"New York","total":"197319","indivs":"197319","pacs":"0"}},{"@attributes":{"member_name":"Schultz, Debbie Wasserman","cid":"N00026106","party":"D","state":"Florida","total":"192499","indivs":"192499","pacs":"0"}},{"@attributes":{"member_name":"Beutler, Jaime Herrera","cid":"N00031559","party":"R","state":"Washington","total":"147915","indivs":"147915","pacs":"0"}},{"@attributes":{"member_name":"Young, David","cid":"N00035509","party":"R","state":"Iowa","total":"144040","indivs":"144040","pacs":"0"}},{"@attributes":{"member_name":"Jolly, David","cid":"N00035717","party":"R","state":"Florida","total":"125695","indivs":"125695","pacs":"0"}},{"@attributes":{"member_name":"Frelinghuysen, Rodney","cid":"N00000684","party":"R","state":"New Jersey","total":"109414","indivs":"109414","pacs":"0"}},{"@attributes":{"member_name":"Kilmer, Derek","cid":"N00034453","party":"D","state":"Washington","total":"90200","indivs":"90200","pacs":"0"}},{"@attributes":{"member_name":"Culberson, John","cid":"N00009738","party":"R","state":"Texas","total":"86900","indivs":"86900","pacs":"0"}},{"@attributes":{"member_name":"Lee, Barbara","cid":"N00008046","party":"D","state":"California","total":"80745","indivs":"80745","pacs":"0"}},{"@attributes":{"member_name":"Price, David","cid":"N00002260","party":"D","state":"North Carolina","total":"75725","indivs":"75725","pacs":"0"}},{"@attributes":{"member_name":"Harris, Andy","cid":"N00029147","party":"R","state":"Maryland","total":"73347","indivs":"73347","pacs":"0"}},{"@attributes":{"member_name":"Dent, Charlie","cid":"N00026171","party":"R","state":"Pennsylvania","total":"67875","indivs":"67875","pacs":"0"}},{"@attributes":{"member_name":"Joyce, David P","cid":"N00035007","party":"R","state":"Ohio","total":"65260","indivs":"65260","pacs":"0"}},{"@attributes":{"member_name":"Cole, Tom","cid":"N00025726","party":"R","state":"Oklahoma","total":"64800","indivs":"64800","pacs":"0"}},{"@attributes":{"member_name":"Rigell, Scott","cid":"N00030962","party":"R","state":"Virginia","total":"60055","indivs":"60055","pacs":"0"}},{"@attributes":{"member_name":"Granger, Kay","cid":"N00008799","party":"R","state":"Texas","total":"60035","indivs":"60035","pacs":"0"}},{"@attributes":{"member_name":"Amodei, Mark","cid":"N00031177","party":"R","state":"Nevada","total":"59250","indivs":"59250","pacs":"0"}},{"@attributes":{"member_name":"Pingree, Chellie","cid":"N00013817","party":"D","state":"Maine","total":"56341","indivs":"56341","pacs":"0"}},{"@attributes":{"member_name":"Valadao, David","cid":"N00033367","party":"R","state":"California","total":"53393","indivs":"53393","pacs":"0"}},{"@attributes":{"member_name":"McCollum, Betty","cid":"N00012942","party":"D","state":"Minnesota","total":"50477","indivs":"50477","pacs":"0"}},{"@attributes":{"member_name":"DeLauro, Rosa L","cid":"N00000615","party":"D","state":"Connecticut","total":"49853","indivs":"49853","pacs":"0"}},{"@attributes":{"member_name":"Roby, Martha","cid":"N00030768","party":"R","state":"Alabama","total":"49550","indivs":"49550","pacs":"0"}},{"@attributes":{"member_name":"Yoder, Kevin","cid":"N00031502","party":"R","state":"Kansas","total":"49475","indivs":"49475","pacs":"0"}},{"@attributes":{"member_name":"Fleischmann, Chuck","cid":"N00030815","party":"R","state":"Tennessee","total":"43550","indivs":"43550","pacs":"0"}},{"@attributes":{"member_name":"Stewart, Chris","cid":"N00033932","party":"R","state":"Utah","total":"42069","indivs":"42069","pacs":"0"}},{"@attributes":{"member_name":"Israel, Steve","cid":"N00013345","party":"D","state":"New York","total":"39410","indivs":"39410","pacs":"0"}},{"@attributes":{"member_name":"Quigley, Mike","cid":"N00030581","party":"D","state":"Illinois","total":"31675","indivs":"31675","pacs":"0"}},{"@attributes":{"member_name":"Womack, Steve","cid":"N00031857","party":"R","state":"Arkansas","total":"30810","indivs":"30810","pacs":"0"}},{"@attributes":{"member_name":"Jenkins, Evan","cid":"N00035531","party":"R","state":"West Virginia","total":"29500","indivs":"29500","pacs":"0"}},{"@attributes":{"member_name":"Rogers, Hal","cid":"N00003473","party":"R","state":"Kentucky","total":"26950","indivs":"26950","pacs":"0"}},{"@attributes":{"member_name":"Calvert, Ken","cid":"N00007099","party":"R","state":"California","total":"23150","indivs":"23150","pacs":"0"}},{"@attributes":{"member_name":"Bishop, Sanford","cid":"N00002674","party":"D","state":"Georgia","total":"23000","indivs":"23000","pacs":"0"}},{"@attributes":{"member_name":"Kaptur, Marcy","cid":"N00003522","party":"D","state":"Ohio","total":"22903","indivs":"22903","pacs":"0"}},{"@attributes":{"member_name":"Carter, John","cid":"N00025095","party":"R","state":"Texas","total":"22062","indivs":"22062","pacs":"0"}},{"@attributes":{"member_name":"Crenshaw, Ander","cid":"N00012739","party":"R","state":"Florida","total":"21125","indivs":"21125","pacs":"0"}},{"@attributes":{"member_name":"Ruppersberger, Dutch","cid":"N00025482","party":"D","state":"Maryland","total":"20565","indivs":"20565","pacs":"0"}},{"@attributes":{"member_name":"Fortenberry, Jeff","cid":"N00026631","party":"R","state":"Nebraska","total":"18950","indivs":"18950","pacs":"0"}},{"@attributes":{"member_name":"Ryan, Tim","cid":"N00025280","party":"D","state":"Ohio","total":"18450","indivs":"18450","pacs":"0"}},{"@attributes":{"member_name":"Diaz-Balart, Mario","cid":"N00025337","party":"R","state":"Florida","total":"17750","indivs":"17750","pacs":"0"}},{"@attributes":{"member_name":"Visclosky, Pete","cid":"N00003813","party":"D","state":"Indiana","total":"14750","indivs":"14750","pacs":"0"}},{"@attributes":{"member_name":"Graves, Tom","cid":"N00030788","party":"R","state":"Georgia","total":"14548","indivs":"14548","pacs":"0"}},{"@attributes":{"member_name":"Roybal-Allard, Lucille","cid":"N00006671","party":"D","state":"California","total":"13500","indivs":"13500","pacs":"0"}},{"@attributes":{"member_name":"Aderholt, Robert B","cid":"N00003028","party":"R","state":"Alabama","total":"12061","indivs":"12061","pacs":"0"}},{"@attributes":{"member_name":"Farr, Sam","cid":"N00007312","party":"D","state":"California","total":"10851","indivs":"10851","pacs":"0"}},{"@attributes":{"member_name":"Cuellar, Henry","cid":"N00024978","party":"D","state":"Texas","total":"10725","indivs":"10725","pacs":"0"}},{"@attributes":{"member_name":"Simpson, Mike","cid":"N00006263","party":"R","state":"Idaho","total":"8650","indivs":"8650","pacs":"0"}},{"@attributes":{"member_name":"Rooney, Tom","cid":"N00029018","party":"R","state":"Florida","total":"3225","indivs":"3225","pacs":"0"}},{"@attributes":{"member_name":"Nunnelee, Alan","cid":"N00031006","party":"R","state":"Mississippi","total":"2500","indivs":"2500","pacs":"0"}},{"@attributes":{"member_name":"Fattah, Chaka","cid":"N00001746","party":"D","state":"Pennsylvania","total":"1000","indivs":"1000","pacs":"0"}}]}}}