{"response":{"committee":{"@attributes":{"committee_name":"HAPP","industry":"Home Builders","congno":"114","origin":"Center for Responsive Politics","source":"http:\/\/www.opensecrets.org\/cmteprofiles\/profiles.php?cmte=HAPP&congno=114","last_updated":"02\/08\/17"},"member":[{"@attributes":{"member_name":"Valadao, David","cid":"N00033367","party":"R","state":"California","total":"30600","indivs":"19600","pacs":"11000"}},{"@attributes":{"member_name":"Fleischmann, Chuck","cid":"N00030815","party":"R","state":"Tennessee","total":"28400","indivs":"16400","pacs":"12000"}},{"@attributes":{"member_name":"Dent, Charlie","cid":"N00026171","party":"R","state":"Pennsylvania","total":"17900","indivs":"5900","pacs":"12000"}},{"@attributes":{"member_name":"Amodei, Mark","cid":"N00031177","party":"R","state":"Nevada","total":"17400","indivs":"7400","pacs":"10000"}},{"@attributes":{"member_name":"Frelinghuysen, Rodney","cid":"N00000684","party":"R","state":"New Jersey","total":"15400","indivs":"5400","pacs":"10000"}},{"@attributes":{"member_name":"Rogers, Hal","cid":"N00003473","party":"R","state":"Kentucky","total":"15000","indivs":"6000","pacs":"9000"}},{"@attributes":{"member_name":"Young, David","cid":"N00035509","party":"R","state":"Iowa","total":"14200","indivs":"3200","pacs":"11000"}},{"@attributes":{"member_name":"Calvert, Ken","cid":"N00007099","party":"R","state":"California","total":"12000","indivs":"0","pacs":"12000"}},{"@attributes":{"member_name":"Rigell, Scott","cid":"N00030962","party":"R","state":"Virginia","total":"11600","indivs":"8100","pacs":"3500"}},{"@attributes":{"member_name":"Simpson, Mike","cid":"N00006263","party":"R","state":"Idaho","total":"11000","indivs":"0","pacs":"11000"}},{"@attributes":{"member_name":"Stewart, Chris","cid":"N00033932","party":"R","state":"Utah","total":"10900","indivs":"2900","pacs":"8000"}},{"@attributes":{"member_name":"Schultz, Debbie Wasserman","cid":"N00026106","party":"D","state":"Florida","total":"10800","indivs":"10800","pacs":"0"}},{"@attributes":{"member_name":"Joyce, David P","cid":"N00035007","party":"R","state":"Ohio","total":"10500","indivs":"3500","pacs":"7000"}},{"@attributes":{"member_name":"Aderholt, Robert B","cid":"N00003028","party":"R","state":"Alabama","total":"10500","indivs":"0","pacs":"10500"}},{"@attributes":{"member_name":"Granger, Kay","cid":"N00008799","party":"R","state":"Texas","total":"10000","indivs":"0","pacs":"10000"}},{"@attributes":{"member_name":"Carter, John","cid":"N00025095","party":"R","state":"Texas","total":"10000","indivs":"0","pacs":"10000"}},{"@attributes":{"member_name":"Roby, Martha","cid":"N00030768","party":"R","state":"Alabama","total":"10000","indivs":"0","pacs":"10000"}},{"@attributes":{"member_name":"Cuellar, Henry","cid":"N00024978","party":"D","state":"Texas","total":"10000","indivs":"2500","pacs":"7500"}},{"@attributes":{"member_name":"Culberson, John","cid":"N00009738","party":"R","state":"Texas","total":"9950","indivs":"2950","pacs":"7000"}},{"@attributes":{"member_name":"Jenkins, Evan","cid":"N00035531","party":"R","state":"West Virginia","total":"9500","indivs":"0","pacs":"9500"}},{"@attributes":{"member_name":"Beutler, Jaime Herrera","cid":"N00031559","party":"R","state":"Washington","total":"9000","indivs":"2000","pacs":"7000"}},{"@attributes":{"member_name":"Fortenberry, Jeff","cid":"N00026631","party":"R","state":"Nebraska","total":"8500","indivs":"0","pacs":"8500"}},{"@attributes":{"member_name":"Jolly, David","cid":"N00035717","party":"R","state":"Florida","total":"7700","indivs":"2700","pacs":"5000"}},{"@attributes":{"member_name":"Yoder, Kevin","cid":"N00031502","party":"R","state":"Kansas","total":"7500","indivs":"0","pacs":"7500"}},{"@attributes":{"member_name":"Graves, Tom","cid":"N00030788","party":"R","state":"Georgia","total":"7000","indivs":"0","pacs":"7000"}},{"@attributes":{"member_name":"Cole, Tom","cid":"N00025726","party":"R","state":"Oklahoma","total":"7000","indivs":"2000","pacs":"5000"}},{"@attributes":{"member_name":"Diaz-Balart, Mario","cid":"N00025337","party":"R","state":"Florida","total":"7000","indivs":"1000","pacs":"6000"}},{"@attributes":{"member_name":"Harris, Andy","cid":"N00029147","party":"R","state":"Maryland","total":"7000","indivs":"0","pacs":"7000"}},{"@attributes":{"member_name":"Kilmer, Derek","cid":"N00034453","party":"D","state":"Washington","total":"6500","indivs":"500","pacs":"6000"}},{"@attributes":{"member_name":"Bishop, Sanford","cid":"N00002674","party":"D","state":"Georgia","total":"6000","indivs":"0","pacs":"6000"}},{"@attributes":{"member_name":"Israel, Steve","cid":"N00013345","party":"D","state":"New York","total":"5200","indivs":"2700","pacs":"2500"}},{"@attributes":{"member_name":"Womack, Steve","cid":"N00031857","party":"R","state":"Arkansas","total":"4500","indivs":"0","pacs":"4500"}},{"@attributes":{"member_name":"Honda, Mike","cid":"N00012611","party":"D","state":"California","total":"2500","indivs":"2500","pacs":"0"}},{"@attributes":{"member_name":"Ruppersberger, Dutch","cid":"N00025482","party":"D","state":"Maryland","total":"2000","indivs":"2000","pacs":"0"}},{"@attributes":{"member_name":"Lowey, Nita M","cid":"N00001024","party":"D","state":"New York","total":"1000","indivs":"1000","pacs":"0"}},{"@attributes":{"member_name":"Lee, Barbara","cid":"N00008046","party":"D","state":"California","total":"283","indivs":"283","pacs":"0"}},{"@attributes":{"member_name":"Ryan, Tim","cid":"N00025280","party":"D","state":"Ohio","total":"250","indivs":"250","pacs":"0"}}]}}}