{"response":{"committee":{"@attributes":{"committee_name":"HAPP","industry":"Repub\/Conservative","congno":"114","origin":"Center for Responsive Politics","source":"http:\/\/www.opensecrets.org\/cmteprofiles\/profiles.php?cmte=HAPP&congno=114","last_updated":"02\/08\/17"},"member":[{"@attributes":{"member_name":"Valadao, David","cid":"N00033367","party":"R","state":"California","total":"52763","indivs":"11763","pacs":"41000"}},{"@attributes":{"member_name":"Young, David","cid":"N00035509","party":"R","state":"Iowa","total":"33565","indivs":"12565","pacs":"21000"}},{"@attributes":{"member_name":"Diaz-Balart, Mario","cid":"N00025337","party":"R","state":"Florida","total":"32900","indivs":"7900","pacs":"25000"}},{"@attributes":{"member_name":"Beutler, Jaime Herrera","cid":"N00031559","party":"R","state":"Washington","total":"28710","indivs":"17710","pacs":"11000"}},{"@attributes":{"member_name":"Dent, Charlie","cid":"N00026171","party":"R","state":"Pennsylvania","total":"28150","indivs":"1150","pacs":"27000"}},{"@attributes":{"member_name":"Joyce, David P","cid":"N00035007","party":"R","state":"Ohio","total":"26100","indivs":"5100","pacs":"21000"}},{"@attributes":{"member_name":"Jolly, David","cid":"N00035717","party":"R","state":"Florida","total":"22300","indivs":"7300","pacs":"15000"}},{"@attributes":{"member_name":"Calvert, Ken","cid":"N00007099","party":"R","state":"California","total":"21075","indivs":"9050","pacs":"12025"}},{"@attributes":{"member_name":"Fortenberry, Jeff","cid":"N00026631","party":"R","state":"Nebraska","total":"20500","indivs":"2000","pacs":"18500"}},{"@attributes":{"member_name":"Frelinghuysen, Rodney","cid":"N00000684","party":"R","state":"New Jersey","total":"20300","indivs":"7300","pacs":"13000"}},{"@attributes":{"member_name":"Jenkins, Evan","cid":"N00035531","party":"R","state":"West Virginia","total":"15700","indivs":"2700","pacs":"13000"}},{"@attributes":{"member_name":"Cole, Tom","cid":"N00025726","party":"R","state":"Oklahoma","total":"14657","indivs":"12157","pacs":"2500"}},{"@attributes":{"member_name":"Womack, Steve","cid":"N00031857","party":"R","state":"Arkansas","total":"14140","indivs":"4140","pacs":"10000"}},{"@attributes":{"member_name":"Graves, Tom","cid":"N00030788","party":"R","state":"Georgia","total":"14000","indivs":"6000","pacs":"8000"}},{"@attributes":{"member_name":"Harris, Andy","cid":"N00029147","party":"R","state":"Maryland","total":"13971","indivs":"5780","pacs":"8191"}},{"@attributes":{"member_name":"Culberson, John","cid":"N00009738","party":"R","state":"Texas","total":"11900","indivs":"11400","pacs":"500"}},{"@attributes":{"member_name":"Rooney, Tom","cid":"N00029018","party":"R","state":"Florida","total":"10000","indivs":"0","pacs":"10000"}},{"@attributes":{"member_name":"Yoder, Kevin","cid":"N00031502","party":"R","state":"Kansas","total":"9700","indivs":"3700","pacs":"6000"}},{"@attributes":{"member_name":"Roby, Martha","cid":"N00030768","party":"R","state":"Alabama","total":"5700","indivs":"3700","pacs":"2000"}},{"@attributes":{"member_name":"Granger, Kay","cid":"N00008799","party":"R","state":"Texas","total":"4900","indivs":"3900","pacs":"1000"}},{"@attributes":{"member_name":"Rigell, Scott","cid":"N00030962","party":"R","state":"Virginia","total":"3575","indivs":"2575","pacs":"1000"}},{"@attributes":{"member_name":"Simpson, Mike","cid":"N00006263","party":"R","state":"Idaho","total":"3000","indivs":"0","pacs":"3000"}},{"@attributes":{"member_name":"Crenshaw, Ander","cid":"N00012739","party":"R","state":"Florida","total":"1000","indivs":"0","pacs":"1000"}},{"@attributes":{"member_name":"Lowey, Nita M","cid":"N00001024","party":"D","state":"New York","total":"1000","indivs":"0","pacs":"1000"}},{"@attributes":{"member_name":"Lee, Barbara","cid":"N00008046","party":"D","state":"California","total":"500","indivs":"0","pacs":"500"}}]}}}