{"response":{"committee":{"@attributes":{"committee_name":"HAPP","industry":"Misc Mfg\/Distrib","congno":"114","origin":"Center for Responsive Politics","source":"http:\/\/www.opensecrets.org\/cmteprofiles\/profiles.php?cmte=HAPP&congno=114","last_updated":"02\/08\/17"},"member":[{"@attributes":{"member_name":"Joyce, David P","cid":"N00035007","party":"R","state":"Ohio","total":"126828","indivs":"69582","pacs":"57246"}},{"@attributes":{"member_name":"Dent, Charlie","cid":"N00026171","party":"R","state":"Pennsylvania","total":"58600","indivs":"16100","pacs":"42500"}},{"@attributes":{"member_name":"Frelinghuysen, Rodney","cid":"N00000684","party":"R","state":"New Jersey","total":"53500","indivs":"5000","pacs":"48500"}},{"@attributes":{"member_name":"Granger, Kay","cid":"N00008799","party":"R","state":"Texas","total":"44500","indivs":"18000","pacs":"26500"}},{"@attributes":{"member_name":"Graves, Tom","cid":"N00030788","party":"R","state":"Georgia","total":"42800","indivs":"19300","pacs":"23500"}},{"@attributes":{"member_name":"Calvert, Ken","cid":"N00007099","party":"R","state":"California","total":"42261","indivs":"7750","pacs":"34511"}},{"@attributes":{"member_name":"Visclosky, Pete","cid":"N00003813","party":"D","state":"Indiana","total":"41000","indivs":"4500","pacs":"36500"}},{"@attributes":{"member_name":"Yoder, Kevin","cid":"N00031502","party":"R","state":"Kansas","total":"40850","indivs":"14350","pacs":"26500"}},{"@attributes":{"member_name":"Israel, Steve","cid":"N00013345","party":"D","state":"New York","total":"40750","indivs":"32250","pacs":"8500"}},{"@attributes":{"member_name":"Ryan, Tim","cid":"N00025280","party":"D","state":"Ohio","total":"39600","indivs":"8600","pacs":"31000"}},{"@attributes":{"member_name":"Rogers, Hal","cid":"N00003473","party":"R","state":"Kentucky","total":"37500","indivs":"5000","pacs":"32500"}},{"@attributes":{"member_name":"Cole, Tom","cid":"N00025726","party":"R","state":"Oklahoma","total":"37121","indivs":"6621","pacs":"30500"}},{"@attributes":{"member_name":"Jolly, David","cid":"N00035717","party":"R","state":"Florida","total":"36900","indivs":"7400","pacs":"29500"}},{"@attributes":{"member_name":"Kaptur, Marcy","cid":"N00003522","party":"D","state":"Ohio","total":"36400","indivs":"9500","pacs":"26900"}},{"@attributes":{"member_name":"Culberson, John","cid":"N00009738","party":"R","state":"Texas","total":"35000","indivs":"15500","pacs":"19500"}},{"@attributes":{"member_name":"Aderholt, Robert B","cid":"N00003028","party":"R","state":"Alabama","total":"33651","indivs":"8151","pacs":"25500"}},{"@attributes":{"member_name":"Honda, Mike","cid":"N00012611","party":"D","state":"California","total":"33600","indivs":"27100","pacs":"6500"}},{"@attributes":{"member_name":"Schultz, Debbie Wasserman","cid":"N00026106","party":"D","state":"Florida","total":"33560","indivs":"12560","pacs":"21000"}},{"@attributes":{"member_name":"Kilmer, Derek","cid":"N00034453","party":"D","state":"Washington","total":"30900","indivs":"6900","pacs":"24000"}},{"@attributes":{"member_name":"Fleischmann, Chuck","cid":"N00030815","party":"R","state":"Tennessee","total":"28800","indivs":"17300","pacs":"11500"}},{"@attributes":{"member_name":"Beutler, Jaime Herrera","cid":"N00031559","party":"R","state":"Washington","total":"27200","indivs":"8700","pacs":"18500"}},{"@attributes":{"member_name":"Crenshaw, Ander","cid":"N00012739","party":"R","state":"Florida","total":"24900","indivs":"0","pacs":"24900"}},{"@attributes":{"member_name":"McCollum, Betty","cid":"N00012942","party":"D","state":"Minnesota","total":"24625","indivs":"1625","pacs":"23000"}},{"@attributes":{"member_name":"Ruppersberger, Dutch","cid":"N00025482","party":"D","state":"Maryland","total":"23700","indivs":"2700","pacs":"21000"}},{"@attributes":{"member_name":"Diaz-Balart, Mario","cid":"N00025337","party":"R","state":"Florida","total":"23700","indivs":"5700","pacs":"18000"}},{"@attributes":{"member_name":"Roby, Martha","cid":"N00030768","party":"R","state":"Alabama","total":"23500","indivs":"0","pacs":"23500"}},{"@attributes":{"member_name":"Womack, Steve","cid":"N00031857","party":"R","state":"Arkansas","total":"22750","indivs":"250","pacs":"22500"}},{"@attributes":{"member_name":"Young, David","cid":"N00035509","party":"R","state":"Iowa","total":"22648","indivs":"5650","pacs":"16998"}},{"@attributes":{"member_name":"Valadao, David","cid":"N00033367","party":"R","state":"California","total":"22358","indivs":"2700","pacs":"19658"}},{"@attributes":{"member_name":"Cuellar, Henry","cid":"N00024978","party":"D","state":"Texas","total":"21250","indivs":"6250","pacs":"15000"}},{"@attributes":{"member_name":"Carter, John","cid":"N00025095","party":"R","state":"Texas","total":"19250","indivs":"1250","pacs":"18000"}},{"@attributes":{"member_name":"Jenkins, Evan","cid":"N00035531","party":"R","state":"West Virginia","total":"17998","indivs":"1500","pacs":"16498"}},{"@attributes":{"member_name":"Lowey, Nita M","cid":"N00001024","party":"D","state":"New York","total":"17500","indivs":"8000","pacs":"9500"}},{"@attributes":{"member_name":"Price, David","cid":"N00002260","party":"D","state":"North Carolina","total":"16500","indivs":"0","pacs":"16500"}},{"@attributes":{"member_name":"Fortenberry, Jeff","cid":"N00026631","party":"R","state":"Nebraska","total":"14200","indivs":"6200","pacs":"8000"}},{"@attributes":{"member_name":"Stewart, Chris","cid":"N00033932","party":"R","state":"Utah","total":"13500","indivs":"0","pacs":"13500"}},{"@attributes":{"member_name":"Rooney, Tom","cid":"N00029018","party":"R","state":"Florida","total":"12250","indivs":"1250","pacs":"11000"}},{"@attributes":{"member_name":"Bishop, Sanford","cid":"N00002674","party":"D","state":"Georgia","total":"12000","indivs":"2000","pacs":"10000"}},{"@attributes":{"member_name":"Simpson, Mike","cid":"N00006263","party":"R","state":"Idaho","total":"11900","indivs":"400","pacs":"11500"}},{"@attributes":{"member_name":"DeLauro, Rosa L","cid":"N00000615","party":"D","state":"Connecticut","total":"9500","indivs":"0","pacs":"9500"}},{"@attributes":{"member_name":"Harris, Andy","cid":"N00029147","party":"R","state":"Maryland","total":"9250","indivs":"4250","pacs":"5000"}},{"@attributes":{"member_name":"Quigley, Mike","cid":"N00030581","party":"D","state":"Illinois","total":"8000","indivs":"3000","pacs":"5000"}},{"@attributes":{"member_name":"Amodei, Mark","cid":"N00031177","party":"R","state":"Nevada","total":"6200","indivs":"2700","pacs":"3500"}},{"@attributes":{"member_name":"Rigell, Scott","cid":"N00030962","party":"R","state":"Virginia","total":"5000","indivs":"0","pacs":"5000"}},{"@attributes":{"member_name":"Farr, Sam","cid":"N00007312","party":"D","state":"California","total":"4000","indivs":"0","pacs":"4000"}},{"@attributes":{"member_name":"Lee, Barbara","cid":"N00008046","party":"D","state":"California","total":"3500","indivs":"2000","pacs":"1500"}},{"@attributes":{"member_name":"Fattah, Chaka","cid":"N00001746","party":"D","state":"Pennsylvania","total":"2700","indivs":"2700","pacs":"0"}},{"@attributes":{"member_name":"Roybal-Allard, Lucille","cid":"N00006671","party":"D","state":"California","total":"2000","indivs":"500","pacs":"1500"}},{"@attributes":{"member_name":"Serrano, Jose E","cid":"N00001813","party":"D","state":"New York","total":"1000","indivs":"1000","pacs":"0"}},{"@attributes":{"member_name":"Pingree, Chellie","cid":"N00013817","party":"D","state":"Maine","total":"500","indivs":"500","pacs":"0"}},{"@attributes":{"member_name":"Nunnelee, Alan","cid":"N00031006","party":"R","state":"Mississippi","total":"-1000","indivs":"0","pacs":"-1000"}}]}}}