{"response":{"committee":{"@attributes":{"committee_name":"HARM","industry":"Savings & Loans","congno":"114","origin":"Center for Responsive Politics","source":"http:\/\/www.opensecrets.org\/cmteprofiles\/profiles.php?cmte=HARM&congno=114","last_updated":"02\/08\/17"},"member":[{"@attributes":{"member_name":"Heck, Joe","cid":"N00031244","party":"R","state":"Nevada","total":"5400","indivs":"5400","pacs":"0"}},{"@attributes":{"member_name":"Zinke, Ryan K","cid":"N00035616","party":"R","state":"Montana","total":"5400","indivs":"5400","pacs":"0"}},{"@attributes":{"member_name":"Moulton, Seth","cid":"N00035431","party":"D","state":"Massachusetts","total":"5400","indivs":"5400","pacs":"0"}},{"@attributes":{"member_name":"Veasey, Marc","cid":"N00033839","party":"D","state":"Texas","total":"5300","indivs":"5300","pacs":"0"}},{"@attributes":{"member_name":"Knight, Steve","cid":"N00035820","party":"R","state":"California","total":"2500","indivs":"0","pacs":"2500"}},{"@attributes":{"member_name":"Wilson, Joe","cid":"N00024809","party":"R","state":"South Carolina","total":"2000","indivs":"2000","pacs":"0"}},{"@attributes":{"member_name":"Duckworth, Tammy","cid":"N00027860","party":"D","state":"Illinois","total":"1535","indivs":"35","pacs":"1500"}},{"@attributes":{"member_name":"Conaway, Mike","cid":"N00026041","party":"R","state":"Texas","total":"1000","indivs":"1000","pacs":"0"}},{"@attributes":{"member_name":"Smith, Adam","cid":"N00007833","party":"D","state":"Washington","total":"500","indivs":"0","pacs":"500"}},{"@attributes":{"member_name":"Sanchez, Loretta","cid":"N00008274","party":"D","state":"California","total":"250","indivs":"250","pacs":"0"}},{"@attributes":{"member_name":"Courtney, Joe","cid":"N00024842","party":"D","state":"Connecticut","total":"250","indivs":"0","pacs":"250"}},{"@attributes":{"member_name":"Gabbard, Tulsi","cid":"N00033281","party":"D","state":"Hawaii","total":"5","indivs":"5","pacs":"0"}}]}}}