{"response":{"committee":{"@attributes":{"committee_name":"HARM","industry":"Business Services","congno":"114","origin":"Center for Responsive Politics","source":"http:\/\/www.opensecrets.org\/cmteprofiles\/profiles.php?cmte=HARM&congno=114","last_updated":"02\/08\/17"},"member":[{"@attributes":{"member_name":"Duckworth, Tammy","cid":"N00027860","party":"D","state":"Illinois","total":"203055","indivs":"203055","pacs":"0"}},{"@attributes":{"member_name":"Heck, Joe","cid":"N00031244","party":"R","state":"Nevada","total":"153100","indivs":"140100","pacs":"13000"}},{"@attributes":{"member_name":"McSally, Martha","cid":"N00033982","party":"R","state":"Arizona","total":"68403","indivs":"63403","pacs":"5000"}},{"@attributes":{"member_name":"Stefanik, Elise","cid":"N00035523","party":"R","state":"New York","total":"56050","indivs":"47050","pacs":"9000"}},{"@attributes":{"member_name":"Moulton, Seth","cid":"N00035431","party":"D","state":"Massachusetts","total":"38290","indivs":"37790","pacs":"500"}},{"@attributes":{"member_name":"Peters, Scott","cid":"N00033591","party":"D","state":"California","total":"37906","indivs":"33906","pacs":"4000"}},{"@attributes":{"member_name":"Coffman, Mike","cid":"N00024753","party":"R","state":"Colorado","total":"37285","indivs":"20285","pacs":"17000"}},{"@attributes":{"member_name":"Tsongas, Niki","cid":"N00029026","party":"D","state":"Massachusetts","total":"35408","indivs":"30408","pacs":"5000"}},{"@attributes":{"member_name":"Norcross, Don","cid":"N00036154","party":"D","state":"New Jersey","total":"34642","indivs":"33642","pacs":"1000"}},{"@attributes":{"member_name":"Gabbard, Tulsi","cid":"N00033281","party":"D","state":"Hawaii","total":"31235","indivs":"31235","pacs":"0"}},{"@attributes":{"member_name":"Sanchez, Loretta","cid":"N00008274","party":"D","state":"California","total":"29950","indivs":"29950","pacs":"0"}},{"@attributes":{"member_name":"Shuster, Bill","cid":"N00013770","party":"R","state":"Pennsylvania","total":"28950","indivs":"8550","pacs":"20400"}},{"@attributes":{"member_name":"Gallego, Ruben","cid":"N00036097","party":"D","state":"Arizona","total":"25630","indivs":"25630","pacs":"0"}},{"@attributes":{"member_name":"Zinke, Ryan K","cid":"N00035616","party":"R","state":"Montana","total":"23675","indivs":"23675","pacs":"0"}},{"@attributes":{"member_name":"Graves, Sam","cid":"N00013323","party":"R","state":"Missouri","total":"23430","indivs":"9930","pacs":"13500"}},{"@attributes":{"member_name":"Hartzler, Vicky","cid":"N00031005","party":"R","state":"Missouri","total":"22450","indivs":"22450","pacs":"0"}},{"@attributes":{"member_name":"Forbes, Randy","cid":"N00013799","party":"R","state":"Virginia","total":"21900","indivs":"21400","pacs":"500"}},{"@attributes":{"member_name":"Wittman, Rob","cid":"N00029459","party":"R","state":"Virginia","total":"21150","indivs":"17150","pacs":"4000"}},{"@attributes":{"member_name":"Castro, Joaquin","cid":"N00033316","party":"D","state":"Texas","total":"20450","indivs":"16450","pacs":"4000"}},{"@attributes":{"member_name":"Ashford, Brad","cid":"N00005293","party":"D","state":"Nebraska","total":"16671","indivs":"16671","pacs":"0"}},{"@attributes":{"member_name":"Aguilar, Pete","cid":"N00033997","party":"D","state":"California","total":"16131","indivs":"15131","pacs":"1000"}},{"@attributes":{"member_name":"Brady, Robert A","cid":"N00001619","party":"D","state":"Pennsylvania","total":"15500","indivs":"15500","pacs":"0"}},{"@attributes":{"member_name":"Langevin, Jim","cid":"N00009724","party":"D","state":"Rhode Island","total":"15500","indivs":"13000","pacs":"2500"}},{"@attributes":{"member_name":"Larsen, Rick","cid":"N00009759","party":"D","state":"Washington","total":"15100","indivs":"5600","pacs":"9500"}},{"@attributes":{"member_name":"Thornberry, Mac","cid":"N00006052","party":"R","state":"Texas","total":"15075","indivs":"8075","pacs":"7000"}},{"@attributes":{"member_name":"Fleming, John","cid":"N00029679","party":"R","state":"Louisiana","total":"14100","indivs":"14100","pacs":"0"}},{"@attributes":{"member_name":"Franks, Trent","cid":"N00006423","party":"R","state":"Arizona","total":"13200","indivs":"13200","pacs":"0"}},{"@attributes":{"member_name":"Graham, Gwen","cid":"N00035688","party":"D","state":"Florida","total":"13185","indivs":"13185","pacs":"0"}},{"@attributes":{"member_name":"Wenstrup, Brad","cid":"N00033310","party":"R","state":"Ohio","total":"12200","indivs":"8700","pacs":"3500"}},{"@attributes":{"member_name":"Walz, Tim","cid":"N00027467","party":"D","state":"Minnesota","total":"12100","indivs":"11100","pacs":"1000"}},{"@attributes":{"member_name":"Veasey, Marc","cid":"N00033839","party":"D","state":"Texas","total":"11900","indivs":"11900","pacs":"0"}},{"@attributes":{"member_name":"Smith, Adam","cid":"N00007833","party":"D","state":"Washington","total":"11400","indivs":"8900","pacs":"2500"}},{"@attributes":{"member_name":"Rogers, Mike D","cid":"N00024759","party":"R","state":"Alabama","total":"11000","indivs":"10000","pacs":"1000"}},{"@attributes":{"member_name":"Turner, Michael R","cid":"N00025175","party":"R","state":"Ohio","total":"10850","indivs":"9850","pacs":"1000"}},{"@attributes":{"member_name":"Kline, John","cid":"N00004436","party":"R","state":"Minnesota","total":"10000","indivs":"3000","pacs":"7000"}},{"@attributes":{"member_name":"Byrne, Bradley","cid":"N00035380","party":"R","state":"Alabama","total":"9300","indivs":"6700","pacs":"2600"}},{"@attributes":{"member_name":"Conaway, Mike","cid":"N00026041","party":"R","state":"Texas","total":"8530","indivs":"6530","pacs":"2000"}},{"@attributes":{"member_name":"Hunter, Duncan D","cid":"N00029258","party":"R","state":"California","total":"7725","indivs":"4725","pacs":"3000"}},{"@attributes":{"member_name":"Miller, Jeff","cid":"N00013846","party":"R","state":"Florida","total":"7000","indivs":"6000","pacs":"1000"}},{"@attributes":{"member_name":"Knight, Steve","cid":"N00035820","party":"R","state":"California","total":"6600","indivs":"600","pacs":"6000"}},{"@attributes":{"member_name":"Davis, Susan A","cid":"N00009604","party":"D","state":"California","total":"6300","indivs":"5300","pacs":"1000"}},{"@attributes":{"member_name":"Wilson, Joe","cid":"N00024809","party":"R","state":"South Carolina","total":"5600","indivs":"5600","pacs":"0"}},{"@attributes":{"member_name":"Bishop, Rob","cid":"N00025292","party":"R","state":"Utah","total":"5500","indivs":"5500","pacs":"0"}},{"@attributes":{"member_name":"Walorski, Jackie","cid":"N00031226","party":"R","state":"Indiana","total":"5450","indivs":"4450","pacs":"1000"}},{"@attributes":{"member_name":"Cooper, Jim","cid":"N00003132","party":"D","state":"Tennessee","total":"4950","indivs":"4950","pacs":"0"}},{"@attributes":{"member_name":"Courtney, Joe","cid":"N00024842","party":"D","state":"Connecticut","total":"4600","indivs":"4600","pacs":"0"}},{"@attributes":{"member_name":"LoBiondo, Frank A","cid":"N00000851","party":"R","state":"New Jersey","total":"3750","indivs":"2250","pacs":"1500"}},{"@attributes":{"member_name":"O'Rourke, Beto","cid":"N00033540","party":"D","state":"Texas","total":"3250","indivs":"3250","pacs":"0"}},{"@attributes":{"member_name":"Bordallo, Madeleine Z","cid":"N00024866","party":"D","state":"Guam","total":"2250","indivs":"2250","pacs":"0"}},{"@attributes":{"member_name":"Johnson, Hank","cid":"N00027848","party":"D","state":"Georgia","total":"2125","indivs":"550","pacs":"1575"}},{"@attributes":{"member_name":"Scott, Austin","cid":"N00032457","party":"R","state":"Georgia","total":"2000","indivs":"2000","pacs":"0"}},{"@attributes":{"member_name":"Jones, Walter B Jr","cid":"N00002299","party":"R","state":"North Carolina","total":"1875","indivs":"1875","pacs":"0"}},{"@attributes":{"member_name":"Garamendi, John","cid":"N00030856","party":"D","state":"California","total":"1610","indivs":"1610","pacs":"0"}},{"@attributes":{"member_name":"MacArthur, Thomas","cid":"N00036155","party":"R","state":"New Jersey","total":"1500","indivs":"500","pacs":"1000"}},{"@attributes":{"member_name":"Takai, Mark","cid":"N00035535","party":"D","state":"Hawaii","total":"1149","indivs":"1149","pacs":"0"}},{"@attributes":{"member_name":"Palazzo, Steven","cid":"N00031958","party":"R","state":"Mississippi","total":"1000","indivs":"1000","pacs":"0"}},{"@attributes":{"member_name":"Cook, Paul","cid":"N00034224","party":"R","state":"California","total":"1000","indivs":"1000","pacs":"0"}},{"@attributes":{"member_name":"Brooks, Mo","cid":"N00030910","party":"R","state":"Alabama","total":"650","indivs":"650","pacs":"0"}},{"@attributes":{"member_name":"Bridenstine, James","cid":"N00033532","party":"R","state":"Oklahoma","total":"470","indivs":"470","pacs":"0"}},{"@attributes":{"member_name":"Speier, Jackie","cid":"N00029649","party":"D","state":"California","total":"250","indivs":"250","pacs":"0"}}]}}}