{"response":{"committee":{"@attributes":{"committee_name":"HARM","industry":"Credit Unions","congno":"114","origin":"Center for Responsive Politics","source":"http:\/\/www.opensecrets.org\/cmteprofiles\/profiles.php?cmte=HARM&congno=114","last_updated":"02\/08\/17"},"member":[{"@attributes":{"member_name":"Aguilar, Pete","cid":"N00033997","party":"D","state":"California","total":"49310","indivs":"21310","pacs":"28000"}},{"@attributes":{"member_name":"Sanchez, Loretta","cid":"N00008274","party":"D","state":"California","total":"15500","indivs":"3000","pacs":"12500"}},{"@attributes":{"member_name":"Jones, Walter B Jr","cid":"N00002299","party":"R","state":"North Carolina","total":"15000","indivs":"0","pacs":"15000"}},{"@attributes":{"member_name":"Walorski, Jackie","cid":"N00031226","party":"R","state":"Indiana","total":"14600","indivs":"7100","pacs":"7500"}},{"@attributes":{"member_name":"Heck, Joe","cid":"N00031244","party":"R","state":"Nevada","total":"12750","indivs":"1750","pacs":"11000"}},{"@attributes":{"member_name":"Wilson, Joe","cid":"N00024809","party":"R","state":"South Carolina","total":"12250","indivs":"250","pacs":"12000"}},{"@attributes":{"member_name":"Ashford, Brad","cid":"N00005293","party":"D","state":"Nebraska","total":"10500","indivs":"500","pacs":"10000"}},{"@attributes":{"member_name":"Miller, Jeff","cid":"N00013846","party":"R","state":"Florida","total":"10250","indivs":"250","pacs":"10000"}},{"@attributes":{"member_name":"Johnson, Hank","cid":"N00027848","party":"D","state":"Georgia","total":"10000","indivs":"0","pacs":"10000"}},{"@attributes":{"member_name":"Peters, Scott","cid":"N00033591","party":"D","state":"California","total":"10000","indivs":"0","pacs":"10000"}},{"@attributes":{"member_name":"Cook, Paul","cid":"N00034224","party":"R","state":"California","total":"10000","indivs":"0","pacs":"10000"}},{"@attributes":{"member_name":"Speier, Jackie","cid":"N00029649","party":"D","state":"California","total":"9000","indivs":"0","pacs":"9000"}},{"@attributes":{"member_name":"Walz, Tim","cid":"N00027467","party":"D","state":"Minnesota","total":"8500","indivs":"500","pacs":"8000"}},{"@attributes":{"member_name":"Stefanik, Elise","cid":"N00035523","party":"R","state":"New York","total":"6500","indivs":"500","pacs":"6000"}},{"@attributes":{"member_name":"LoBiondo, Frank A","cid":"N00000851","party":"R","state":"New Jersey","total":"6250","indivs":"250","pacs":"6000"}},{"@attributes":{"member_name":"Palazzo, Steven","cid":"N00031958","party":"R","state":"Mississippi","total":"6000","indivs":"0","pacs":"6000"}},{"@attributes":{"member_name":"Takai, Mark","cid":"N00035535","party":"D","state":"Hawaii","total":"5650","indivs":"650","pacs":"5000"}},{"@attributes":{"member_name":"Duckworth, Tammy","cid":"N00027860","party":"D","state":"Illinois","total":"5013","indivs":"13","pacs":"5000"}},{"@attributes":{"member_name":"Norcross, Don","cid":"N00036154","party":"D","state":"New Jersey","total":"5000","indivs":"0","pacs":"5000"}},{"@attributes":{"member_name":"Garamendi, John","cid":"N00030856","party":"D","state":"California","total":"5000","indivs":"0","pacs":"5000"}},{"@attributes":{"member_name":"Langevin, Jim","cid":"N00009724","party":"D","state":"Rhode Island","total":"5000","indivs":"0","pacs":"5000"}},{"@attributes":{"member_name":"Graham, Gwen","cid":"N00035688","party":"D","state":"Florida","total":"5000","indivs":"0","pacs":"5000"}},{"@attributes":{"member_name":"Courtney, Joe","cid":"N00024842","party":"D","state":"Connecticut","total":"4500","indivs":"500","pacs":"4000"}},{"@attributes":{"member_name":"Hunter, Duncan D","cid":"N00029258","party":"R","state":"California","total":"4250","indivs":"750","pacs":"3500"}},{"@attributes":{"member_name":"McSally, Martha","cid":"N00033982","party":"R","state":"Arizona","total":"4023","indivs":"1023","pacs":"3000"}},{"@attributes":{"member_name":"Turner, Michael R","cid":"N00025175","party":"R","state":"Ohio","total":"3500","indivs":"0","pacs":"3500"}},{"@attributes":{"member_name":"Davis, Susan A","cid":"N00009604","party":"D","state":"California","total":"3500","indivs":"0","pacs":"3500"}},{"@attributes":{"member_name":"Moulton, Seth","cid":"N00035431","party":"D","state":"Massachusetts","total":"3000","indivs":"0","pacs":"3000"}},{"@attributes":{"member_name":"Cooper, Jim","cid":"N00003132","party":"D","state":"Tennessee","total":"2250","indivs":"250","pacs":"2000"}},{"@attributes":{"member_name":"Shuster, Bill","cid":"N00013770","party":"R","state":"Pennsylvania","total":"2000","indivs":"0","pacs":"2000"}},{"@attributes":{"member_name":"Lamborn, Douglas L","cid":"N00028133","party":"R","state":"Colorado","total":"2000","indivs":"0","pacs":"2000"}},{"@attributes":{"member_name":"Thornberry, Mac","cid":"N00006052","party":"R","state":"Texas","total":"2000","indivs":"0","pacs":"2000"}},{"@attributes":{"member_name":"Scott, Austin","cid":"N00032457","party":"R","state":"Georgia","total":"2000","indivs":"0","pacs":"2000"}},{"@attributes":{"member_name":"Veasey, Marc","cid":"N00033839","party":"D","state":"Texas","total":"2000","indivs":"0","pacs":"2000"}},{"@attributes":{"member_name":"Zinke, Ryan K","cid":"N00035616","party":"R","state":"Montana","total":"2000","indivs":"2000","pacs":"0"}},{"@attributes":{"member_name":"Knight, Steve","cid":"N00035820","party":"R","state":"California","total":"2000","indivs":"0","pacs":"2000"}},{"@attributes":{"member_name":"Bishop, Rob","cid":"N00025292","party":"R","state":"Utah","total":"1500","indivs":"0","pacs":"1500"}},{"@attributes":{"member_name":"Tsongas, Niki","cid":"N00029026","party":"D","state":"Massachusetts","total":"1500","indivs":"500","pacs":"1000"}},{"@attributes":{"member_name":"Wittman, Rob","cid":"N00029459","party":"R","state":"Virginia","total":"1000","indivs":"0","pacs":"1000"}},{"@attributes":{"member_name":"Coffman, Mike","cid":"N00024753","party":"R","state":"Colorado","total":"1000","indivs":"1000","pacs":"0"}},{"@attributes":{"member_name":"Brady, Robert A","cid":"N00001619","party":"D","state":"Pennsylvania","total":"1000","indivs":"0","pacs":"1000"}},{"@attributes":{"member_name":"Castro, Joaquin","cid":"N00033316","party":"D","state":"Texas","total":"1000","indivs":"0","pacs":"1000"}},{"@attributes":{"member_name":"Gallego, Ruben","cid":"N00036097","party":"D","state":"Arizona","total":"1000","indivs":"0","pacs":"1000"}},{"@attributes":{"member_name":"Brooks, Mo","cid":"N00030910","party":"R","state":"Alabama","total":"1000","indivs":"0","pacs":"1000"}},{"@attributes":{"member_name":"Wenstrup, Brad","cid":"N00033310","party":"R","state":"Ohio","total":"1000","indivs":"0","pacs":"1000"}},{"@attributes":{"member_name":"MacArthur, Thomas","cid":"N00036155","party":"R","state":"New Jersey","total":"1000","indivs":"0","pacs":"1000"}},{"@attributes":{"member_name":"Byrne, Bradley","cid":"N00035380","party":"R","state":"Alabama","total":"1000","indivs":"0","pacs":"1000"}}]}}}