{"response":{"committee":{"@attributes":{"committee_name":"HARM","industry":"Misc Defense","congno":"114","origin":"Center for Responsive Politics","source":"http:\/\/www.opensecrets.org\/cmteprofiles\/profiles.php?cmte=HARM&congno=114","last_updated":"02\/08\/17"},"member":[{"@attributes":{"member_name":"Thornberry, Mac","cid":"N00006052","party":"R","state":"Texas","total":"133900","indivs":"35400","pacs":"98500"}},{"@attributes":{"member_name":"Forbes, Randy","cid":"N00013799","party":"R","state":"Virginia","total":"110850","indivs":"54900","pacs":"55950"}},{"@attributes":{"member_name":"Hunter, Duncan D","cid":"N00029258","party":"R","state":"California","total":"77028","indivs":"9250","pacs":"67778"}},{"@attributes":{"member_name":"Wittman, Rob","cid":"N00029459","party":"R","state":"Virginia","total":"68950","indivs":"25950","pacs":"43000"}},{"@attributes":{"member_name":"Smith, Adam","cid":"N00007833","party":"D","state":"Washington","total":"63250","indivs":"5250","pacs":"58000"}},{"@attributes":{"member_name":"McSally, Martha","cid":"N00033982","party":"R","state":"Arizona","total":"55903","indivs":"11903","pacs":"44000"}},{"@attributes":{"member_name":"Turner, Michael R","cid":"N00025175","party":"R","state":"Ohio","total":"54000","indivs":"0","pacs":"54000"}},{"@attributes":{"member_name":"Rogers, Mike D","cid":"N00024759","party":"R","state":"Alabama","total":"51000","indivs":"13100","pacs":"37900"}},{"@attributes":{"member_name":"Heck, Joe","cid":"N00031244","party":"R","state":"Nevada","total":"49300","indivs":"22300","pacs":"27000"}},{"@attributes":{"member_name":"Davis, Susan A","cid":"N00009604","party":"D","state":"California","total":"47400","indivs":"10900","pacs":"36500"}},{"@attributes":{"member_name":"Palazzo, Steven","cid":"N00031958","party":"R","state":"Mississippi","total":"46950","indivs":"13950","pacs":"33000"}},{"@attributes":{"member_name":"Wilson, Joe","cid":"N00024809","party":"R","state":"South Carolina","total":"42650","indivs":"11650","pacs":"31000"}},{"@attributes":{"member_name":"Peters, Scott","cid":"N00033591","party":"D","state":"California","total":"38500","indivs":"500","pacs":"38000"}},{"@attributes":{"member_name":"Langevin, Jim","cid":"N00009724","party":"D","state":"Rhode Island","total":"36300","indivs":"12300","pacs":"24000"}},{"@attributes":{"member_name":"Brooks, Mo","cid":"N00030910","party":"R","state":"Alabama","total":"34550","indivs":"19250","pacs":"15300"}},{"@attributes":{"member_name":"Courtney, Joe","cid":"N00024842","party":"D","state":"Connecticut","total":"32050","indivs":"5550","pacs":"26500"}},{"@attributes":{"member_name":"Byrne, Bradley","cid":"N00035380","party":"R","state":"Alabama","total":"29800","indivs":"2500","pacs":"27300"}},{"@attributes":{"member_name":"Knight, Steve","cid":"N00035820","party":"R","state":"California","total":"27400","indivs":"4400","pacs":"23000"}},{"@attributes":{"member_name":"Graves, Sam","cid":"N00013323","party":"R","state":"Missouri","total":"27000","indivs":"0","pacs":"27000"}},{"@attributes":{"member_name":"Shuster, Bill","cid":"N00013770","party":"R","state":"Pennsylvania","total":"27000","indivs":"0","pacs":"27000"}},{"@attributes":{"member_name":"Walorski, Jackie","cid":"N00031226","party":"R","state":"Indiana","total":"25300","indivs":"7300","pacs":"18000"}},{"@attributes":{"member_name":"Duckworth, Tammy","cid":"N00027860","party":"D","state":"Illinois","total":"24907","indivs":"9907","pacs":"15000"}},{"@attributes":{"member_name":"Gabbard, Tulsi","cid":"N00033281","party":"D","state":"Hawaii","total":"21900","indivs":"10900","pacs":"11000"}},{"@attributes":{"member_name":"Lamborn, Douglas L","cid":"N00028133","party":"R","state":"Colorado","total":"21500","indivs":"0","pacs":"21500"}},{"@attributes":{"member_name":"Cook, Paul","cid":"N00034224","party":"R","state":"California","total":"20000","indivs":"0","pacs":"20000"}},{"@attributes":{"member_name":"Moulton, Seth","cid":"N00035431","party":"D","state":"Massachusetts","total":"17439","indivs":"2750","pacs":"14689"}},{"@attributes":{"member_name":"Takai, Mark","cid":"N00035535","party":"D","state":"Hawaii","total":"17150","indivs":"8400","pacs":"8750"}},{"@attributes":{"member_name":"Aguilar, Pete","cid":"N00033997","party":"D","state":"California","total":"17117","indivs":"617","pacs":"16500"}},{"@attributes":{"member_name":"Zinke, Ryan K","cid":"N00035616","party":"R","state":"Montana","total":"16050","indivs":"1050","pacs":"15000"}},{"@attributes":{"member_name":"Sanchez, Loretta","cid":"N00008274","party":"D","state":"California","total":"15300","indivs":"10800","pacs":"4500"}},{"@attributes":{"member_name":"Tsongas, Niki","cid":"N00029026","party":"D","state":"Massachusetts","total":"15000","indivs":"0","pacs":"15000"}},{"@attributes":{"member_name":"Stefanik, Elise","cid":"N00035523","party":"R","state":"New York","total":"14500","indivs":"0","pacs":"14500"}},{"@attributes":{"member_name":"Hartzler, Vicky","cid":"N00031005","party":"R","state":"Missouri","total":"13500","indivs":"5000","pacs":"8500"}},{"@attributes":{"member_name":"LoBiondo, Frank A","cid":"N00000851","party":"R","state":"New Jersey","total":"13000","indivs":"0","pacs":"13000"}},{"@attributes":{"member_name":"Miller, Jeff","cid":"N00013846","party":"R","state":"Florida","total":"12500","indivs":"0","pacs":"12500"}},{"@attributes":{"member_name":"Castro, Joaquin","cid":"N00033316","party":"D","state":"Texas","total":"12500","indivs":"0","pacs":"12500"}},{"@attributes":{"member_name":"Walz, Tim","cid":"N00027467","party":"D","state":"Minnesota","total":"12400","indivs":"4400","pacs":"8000"}},{"@attributes":{"member_name":"Larsen, Rick","cid":"N00009759","party":"D","state":"Washington","total":"12000","indivs":"1000","pacs":"11000"}},{"@attributes":{"member_name":"Cooper, Jim","cid":"N00003132","party":"D","state":"Tennessee","total":"11500","indivs":"0","pacs":"11500"}},{"@attributes":{"member_name":"Veasey, Marc","cid":"N00033839","party":"D","state":"Texas","total":"10700","indivs":"2700","pacs":"8000"}},{"@attributes":{"member_name":"Graham, Gwen","cid":"N00035688","party":"D","state":"Florida","total":"9850","indivs":"2850","pacs":"7000"}},{"@attributes":{"member_name":"Norcross, Don","cid":"N00036154","party":"D","state":"New Jersey","total":"9500","indivs":"2000","pacs":"7500"}},{"@attributes":{"member_name":"Bishop, Rob","cid":"N00025292","party":"R","state":"Utah","total":"9000","indivs":"0","pacs":"9000"}},{"@attributes":{"member_name":"Bridenstine, James","cid":"N00033532","party":"R","state":"Oklahoma","total":"8000","indivs":"0","pacs":"8000"}},{"@attributes":{"member_name":"Wenstrup, Brad","cid":"N00033310","party":"R","state":"Ohio","total":"7500","indivs":"0","pacs":"7500"}},{"@attributes":{"member_name":"Gallego, Ruben","cid":"N00036097","party":"D","state":"Arizona","total":"7400","indivs":"5900","pacs":"1500"}},{"@attributes":{"member_name":"Conaway, Mike","cid":"N00026041","party":"R","state":"Texas","total":"7000","indivs":"0","pacs":"7000"}},{"@attributes":{"member_name":"Garamendi, John","cid":"N00030856","party":"D","state":"California","total":"6500","indivs":"0","pacs":"6500"}},{"@attributes":{"member_name":"Bordallo, Madeleine Z","cid":"N00024866","party":"D","state":"Guam","total":"6500","indivs":"6000","pacs":"500"}},{"@attributes":{"member_name":"Kline, John","cid":"N00004436","party":"R","state":"Minnesota","total":"5000","indivs":"0","pacs":"5000"}},{"@attributes":{"member_name":"MacArthur, Thomas","cid":"N00036155","party":"R","state":"New Jersey","total":"5000","indivs":"3000","pacs":"2000"}},{"@attributes":{"member_name":"Franks, Trent","cid":"N00006423","party":"R","state":"Arizona","total":"4500","indivs":"0","pacs":"4500"}},{"@attributes":{"member_name":"Scott, Austin","cid":"N00032457","party":"R","state":"Georgia","total":"2500","indivs":"0","pacs":"2500"}},{"@attributes":{"member_name":"Ashford, Brad","cid":"N00005293","party":"D","state":"Nebraska","total":"1010","indivs":"10","pacs":"1000"}}]}}}