{"response":{"committee":{"@attributes":{"committee_name":"HARM","industry":"Securities\/Invest","congno":"114","origin":"Center for Responsive Politics","source":"http:\/\/www.opensecrets.org\/cmteprofiles\/profiles.php?cmte=HARM&congno=114","last_updated":"02\/08\/17"},"member":[{"@attributes":{"member_name":"Heck, Joe","cid":"N00031244","party":"R","state":"Nevada","total":"865780","indivs":"843780","pacs":"22000"}},{"@attributes":{"member_name":"Duckworth, Tammy","cid":"N00027860","party":"D","state":"Illinois","total":"366820","indivs":"360820","pacs":"6000"}},{"@attributes":{"member_name":"Moulton, Seth","cid":"N00035431","party":"D","state":"Massachusetts","total":"362534","indivs":"315585","pacs":"46949"}},{"@attributes":{"member_name":"Stefanik, Elise","cid":"N00035523","party":"R","state":"New York","total":"330954","indivs":"284954","pacs":"46000"}},{"@attributes":{"member_name":"McSally, Martha","cid":"N00033982","party":"R","state":"Arizona","total":"223138","indivs":"220638","pacs":"2500"}},{"@attributes":{"member_name":"Coffman, Mike","cid":"N00024753","party":"R","state":"Colorado","total":"141050","indivs":"120550","pacs":"20500"}},{"@attributes":{"member_name":"Conaway, Mike","cid":"N00026041","party":"R","state":"Texas","total":"129200","indivs":"16200","pacs":"113000"}},{"@attributes":{"member_name":"Peters, Scott","cid":"N00033591","party":"D","state":"California","total":"96075","indivs":"41075","pacs":"55000"}},{"@attributes":{"member_name":"Ashford, Brad","cid":"N00005293","party":"D","state":"Nebraska","total":"91450","indivs":"60950","pacs":"30500"}},{"@attributes":{"member_name":"Zinke, Ryan K","cid":"N00035616","party":"R","state":"Montana","total":"91367","indivs":"89367","pacs":"2000"}},{"@attributes":{"member_name":"MacArthur, Thomas","cid":"N00036155","party":"R","state":"New Jersey","total":"59675","indivs":"43175","pacs":"16500"}},{"@attributes":{"member_name":"Aguilar, Pete","cid":"N00033997","party":"D","state":"California","total":"57950","indivs":"24450","pacs":"33500"}},{"@attributes":{"member_name":"Fleming, John","cid":"N00029679","party":"R","state":"Louisiana","total":"52250","indivs":"52250","pacs":"0"}},{"@attributes":{"member_name":"Graham, Gwen","cid":"N00035688","party":"D","state":"Florida","total":"51250","indivs":"42250","pacs":"9000"}},{"@attributes":{"member_name":"Scott, Austin","cid":"N00032457","party":"R","state":"Georgia","total":"46000","indivs":"11000","pacs":"35000"}},{"@attributes":{"member_name":"Norcross, Don","cid":"N00036154","party":"D","state":"New Jersey","total":"44550","indivs":"28550","pacs":"16000"}},{"@attributes":{"member_name":"Sanchez, Loretta","cid":"N00008274","party":"D","state":"California","total":"43200","indivs":"43200","pacs":"0"}},{"@attributes":{"member_name":"Thornberry, Mac","cid":"N00006052","party":"R","state":"Texas","total":"42250","indivs":"29750","pacs":"12500"}},{"@attributes":{"member_name":"Speier, Jackie","cid":"N00029649","party":"D","state":"California","total":"41400","indivs":"40400","pacs":"1000"}},{"@attributes":{"member_name":"Walorski, Jackie","cid":"N00031226","party":"R","state":"Indiana","total":"39551","indivs":"20551","pacs":"19000"}},{"@attributes":{"member_name":"Shuster, Bill","cid":"N00013770","party":"R","state":"Pennsylvania","total":"39050","indivs":"28350","pacs":"10700"}},{"@attributes":{"member_name":"Gabbard, Tulsi","cid":"N00033281","party":"D","state":"Hawaii","total":"34662","indivs":"34662","pacs":"0"}},{"@attributes":{"member_name":"Courtney, Joe","cid":"N00024842","party":"D","state":"Connecticut","total":"34450","indivs":"12450","pacs":"22000"}},{"@attributes":{"member_name":"Wilson, Joe","cid":"N00024809","party":"R","state":"South Carolina","total":"34300","indivs":"20300","pacs":"14000"}},{"@attributes":{"member_name":"Kline, John","cid":"N00004436","party":"R","state":"Minnesota","total":"33950","indivs":"10950","pacs":"23000"}},{"@attributes":{"member_name":"Byrne, Bradley","cid":"N00035380","party":"R","state":"Alabama","total":"33950","indivs":"8450","pacs":"25500"}},{"@attributes":{"member_name":"Turner, Michael R","cid":"N00025175","party":"R","state":"Ohio","total":"33878","indivs":"30378","pacs":"3500"}},{"@attributes":{"member_name":"Knight, Steve","cid":"N00035820","party":"R","state":"California","total":"32500","indivs":"24500","pacs":"8000"}},{"@attributes":{"member_name":"Cooper, Jim","cid":"N00003132","party":"D","state":"Tennessee","total":"30100","indivs":"12600","pacs":"17500"}},{"@attributes":{"member_name":"Castro, Joaquin","cid":"N00033316","party":"D","state":"Texas","total":"25650","indivs":"15150","pacs":"10500"}},{"@attributes":{"member_name":"Walz, Tim","cid":"N00027467","party":"D","state":"Minnesota","total":"23650","indivs":"20650","pacs":"3000"}},{"@attributes":{"member_name":"LoBiondo, Frank A","cid":"N00000851","party":"R","state":"New Jersey","total":"22450","indivs":"19950","pacs":"2500"}},{"@attributes":{"member_name":"Bishop, Rob","cid":"N00025292","party":"R","state":"Utah","total":"18200","indivs":"15700","pacs":"2500"}},{"@attributes":{"member_name":"Veasey, Marc","cid":"N00033839","party":"D","state":"Texas","total":"17500","indivs":"14000","pacs":"3500"}},{"@attributes":{"member_name":"Forbes, Randy","cid":"N00013799","party":"R","state":"Virginia","total":"16900","indivs":"12900","pacs":"4000"}},{"@attributes":{"member_name":"Hartzler, Vicky","cid":"N00031005","party":"R","state":"Missouri","total":"15400","indivs":"8900","pacs":"6500"}},{"@attributes":{"member_name":"Hunter, Duncan D","cid":"N00029258","party":"R","state":"California","total":"15003","indivs":"503","pacs":"14500"}},{"@attributes":{"member_name":"Tsongas, Niki","cid":"N00029026","party":"D","state":"Massachusetts","total":"14525","indivs":"11025","pacs":"3500"}},{"@attributes":{"member_name":"Wenstrup, Brad","cid":"N00033310","party":"R","state":"Ohio","total":"14300","indivs":"10800","pacs":"3500"}},{"@attributes":{"member_name":"Larsen, Rick","cid":"N00009759","party":"D","state":"Washington","total":"14000","indivs":"2000","pacs":"12000"}},{"@attributes":{"member_name":"Brooks, Mo","cid":"N00030910","party":"R","state":"Alabama","total":"13700","indivs":"13700","pacs":"0"}},{"@attributes":{"member_name":"Smith, Adam","cid":"N00007833","party":"D","state":"Washington","total":"13150","indivs":"10150","pacs":"3000"}},{"@attributes":{"member_name":"Rogers, Mike D","cid":"N00024759","party":"R","state":"Alabama","total":"8900","indivs":"8900","pacs":"0"}},{"@attributes":{"member_name":"Gallego, Ruben","cid":"N00036097","party":"D","state":"Arizona","total":"8800","indivs":"5300","pacs":"3500"}},{"@attributes":{"member_name":"Davis, Susan A","cid":"N00009604","party":"D","state":"California","total":"7700","indivs":"3200","pacs":"4500"}},{"@attributes":{"member_name":"Brady, Robert A","cid":"N00001619","party":"D","state":"Pennsylvania","total":"7200","indivs":"7200","pacs":"0"}},{"@attributes":{"member_name":"Lamborn, Douglas L","cid":"N00028133","party":"R","state":"Colorado","total":"7150","indivs":"7150","pacs":"0"}},{"@attributes":{"member_name":"Takai, Mark","cid":"N00035535","party":"D","state":"Hawaii","total":"6900","indivs":"6900","pacs":"0"}},{"@attributes":{"member_name":"Langevin, Jim","cid":"N00009724","party":"D","state":"Rhode Island","total":"6300","indivs":"4300","pacs":"2000"}},{"@attributes":{"member_name":"Miller, Jeff","cid":"N00013846","party":"R","state":"Florida","total":"5400","indivs":"5400","pacs":"0"}},{"@attributes":{"member_name":"Garamendi, John","cid":"N00030856","party":"D","state":"California","total":"3950","indivs":"3950","pacs":"0"}},{"@attributes":{"member_name":"Bridenstine, James","cid":"N00033532","party":"R","state":"Oklahoma","total":"3750","indivs":"3000","pacs":"750"}},{"@attributes":{"member_name":"Franks, Trent","cid":"N00006423","party":"R","state":"Arizona","total":"3000","indivs":"3000","pacs":"0"}},{"@attributes":{"member_name":"Bordallo, Madeleine Z","cid":"N00024866","party":"D","state":"Guam","total":"2600","indivs":"2600","pacs":"0"}},{"@attributes":{"member_name":"Graves, Sam","cid":"N00013323","party":"R","state":"Missouri","total":"1500","indivs":"500","pacs":"1000"}},{"@attributes":{"member_name":"Johnson, Hank","cid":"N00027848","party":"D","state":"Georgia","total":"1250","indivs":"250","pacs":"1000"}},{"@attributes":{"member_name":"Jones, Walter B Jr","cid":"N00002299","party":"R","state":"North Carolina","total":"1000","indivs":"1000","pacs":"0"}},{"@attributes":{"member_name":"Palazzo, Steven","cid":"N00031958","party":"R","state":"Mississippi","total":"1000","indivs":"1000","pacs":"0"}},{"@attributes":{"member_name":"O'Rourke, Beto","cid":"N00033540","party":"D","state":"Texas","total":"550","indivs":"550","pacs":"0"}},{"@attributes":{"member_name":"Wittman, Rob","cid":"N00029459","party":"R","state":"Virginia","total":"250","indivs":"250","pacs":"0"}}]}}}