{"response":{"committee":{"@attributes":{"committee_name":"HARM","industry":"Candidate Cmtes","congno":"114","origin":"Center for Responsive Politics","source":"http:\/\/www.opensecrets.org\/cmteprofiles\/profiles.php?cmte=HARM&congno=114","last_updated":"02\/08\/17"},"member":[{"@attributes":{"member_name":"McSally, Martha","cid":"N00033982","party":"R","state":"Arizona","total":"91993","indivs":"1040","pacs":"90953"}},{"@attributes":{"member_name":"Knight, Steve","cid":"N00035820","party":"R","state":"California","total":"85733","indivs":"0","pacs":"85733"}},{"@attributes":{"member_name":"Ashford, Brad","cid":"N00005293","party":"D","state":"Nebraska","total":"78628","indivs":"0","pacs":"78628"}},{"@attributes":{"member_name":"Coffman, Mike","cid":"N00024753","party":"R","state":"Colorado","total":"73572","indivs":"667","pacs":"72905"}},{"@attributes":{"member_name":"Aguilar, Pete","cid":"N00033997","party":"D","state":"California","total":"70000","indivs":"0","pacs":"70000"}},{"@attributes":{"member_name":"Peters, Scott","cid":"N00033591","party":"D","state":"California","total":"63500","indivs":"0","pacs":"63500"}},{"@attributes":{"member_name":"Stefanik, Elise","cid":"N00035523","party":"R","state":"New York","total":"53840","indivs":"1540","pacs":"52300"}},{"@attributes":{"member_name":"Heck, Joe","cid":"N00031244","party":"R","state":"Nevada","total":"48000","indivs":"0","pacs":"48000"}},{"@attributes":{"member_name":"Shuster, Bill","cid":"N00013770","party":"R","state":"Pennsylvania","total":"44900","indivs":"0","pacs":"44900"}},{"@attributes":{"member_name":"Graham, Gwen","cid":"N00035688","party":"D","state":"Florida","total":"31800","indivs":"0","pacs":"31800"}},{"@attributes":{"member_name":"MacArthur, Thomas","cid":"N00036155","party":"R","state":"New Jersey","total":"29533","indivs":"0","pacs":"29533"}},{"@attributes":{"member_name":"Zinke, Ryan K","cid":"N00035616","party":"R","state":"Montana","total":"29500","indivs":"0","pacs":"29500"}},{"@attributes":{"member_name":"LoBiondo, Frank A","cid":"N00000851","party":"R","state":"New Jersey","total":"29000","indivs":"0","pacs":"29000"}},{"@attributes":{"member_name":"Sanchez, Loretta","cid":"N00008274","party":"D","state":"California","total":"21685","indivs":"0","pacs":"21685"}},{"@attributes":{"member_name":"Duckworth, Tammy","cid":"N00027860","party":"D","state":"Illinois","total":"19500","indivs":"0","pacs":"19500"}},{"@attributes":{"member_name":"Jones, Walter B Jr","cid":"N00002299","party":"R","state":"North Carolina","total":"18000","indivs":"0","pacs":"18000"}},{"@attributes":{"member_name":"Miller, Jeff","cid":"N00013846","party":"R","state":"Florida","total":"17000","indivs":"0","pacs":"17000"}},{"@attributes":{"member_name":"Rogers, Mike D","cid":"N00024759","party":"R","state":"Alabama","total":"16550","indivs":"0","pacs":"16550"}},{"@attributes":{"member_name":"Cook, Paul","cid":"N00034224","party":"R","state":"California","total":"16233","indivs":"0","pacs":"16233"}},{"@attributes":{"member_name":"Walorski, Jackie","cid":"N00031226","party":"R","state":"Indiana","total":"13864","indivs":"571","pacs":"13293"}},{"@attributes":{"member_name":"Byrne, Bradley","cid":"N00035380","party":"R","state":"Alabama","total":"13000","indivs":"0","pacs":"13000"}},{"@attributes":{"member_name":"Takai, Mark","cid":"N00035535","party":"D","state":"Hawaii","total":"12149","indivs":"0","pacs":"12149"}},{"@attributes":{"member_name":"Moulton, Seth","cid":"N00035431","party":"D","state":"Massachusetts","total":"12000","indivs":"0","pacs":"12000"}},{"@attributes":{"member_name":"Fleming, John","cid":"N00029679","party":"R","state":"Louisiana","total":"10500","indivs":"0","pacs":"10500"}},{"@attributes":{"member_name":"Tsongas, Niki","cid":"N00029026","party":"D","state":"Massachusetts","total":"10000","indivs":"0","pacs":"10000"}},{"@attributes":{"member_name":"Wenstrup, Brad","cid":"N00033310","party":"R","state":"Ohio","total":"10000","indivs":"0","pacs":"10000"}},{"@attributes":{"member_name":"Thornberry, Mac","cid":"N00006052","party":"R","state":"Texas","total":"9700","indivs":"0","pacs":"9700"}},{"@attributes":{"member_name":"Palazzo, Steven","cid":"N00031958","party":"R","state":"Mississippi","total":"9500","indivs":"0","pacs":"9500"}},{"@attributes":{"member_name":"Forbes, Randy","cid":"N00013799","party":"R","state":"Virginia","total":"8000","indivs":"0","pacs":"8000"}},{"@attributes":{"member_name":"Walz, Tim","cid":"N00027467","party":"D","state":"Minnesota","total":"8000","indivs":"0","pacs":"8000"}},{"@attributes":{"member_name":"Hartzler, Vicky","cid":"N00031005","party":"R","state":"Missouri","total":"7000","indivs":"0","pacs":"7000"}},{"@attributes":{"member_name":"Norcross, Don","cid":"N00036154","party":"D","state":"New Jersey","total":"7000","indivs":"0","pacs":"7000"}},{"@attributes":{"member_name":"Bridenstine, James","cid":"N00033532","party":"R","state":"Oklahoma","total":"6500","indivs":"0","pacs":"6500"}},{"@attributes":{"member_name":"Veasey, Marc","cid":"N00033839","party":"D","state":"Texas","total":"6500","indivs":"0","pacs":"6500"}},{"@attributes":{"member_name":"Turner, Michael R","cid":"N00025175","party":"R","state":"Ohio","total":"6000","indivs":"0","pacs":"6000"}},{"@attributes":{"member_name":"Larsen, Rick","cid":"N00009759","party":"D","state":"Washington","total":"6000","indivs":"0","pacs":"6000"}},{"@attributes":{"member_name":"Gallego, Ruben","cid":"N00036097","party":"D","state":"Arizona","total":"5500","indivs":"0","pacs":"5500"}},{"@attributes":{"member_name":"Brooks, Mo","cid":"N00030910","party":"R","state":"Alabama","total":"5400","indivs":"0","pacs":"5400"}},{"@attributes":{"member_name":"Wilson, Joe","cid":"N00024809","party":"R","state":"South Carolina","total":"5000","indivs":"0","pacs":"5000"}},{"@attributes":{"member_name":"Scott, Austin","cid":"N00032457","party":"R","state":"Georgia","total":"4500","indivs":"0","pacs":"4500"}},{"@attributes":{"member_name":"Franks, Trent","cid":"N00006423","party":"R","state":"Arizona","total":"4000","indivs":"0","pacs":"4000"}},{"@attributes":{"member_name":"Conaway, Mike","cid":"N00026041","party":"R","state":"Texas","total":"4000","indivs":"0","pacs":"4000"}},{"@attributes":{"member_name":"Langevin, Jim","cid":"N00009724","party":"D","state":"Rhode Island","total":"4000","indivs":"0","pacs":"4000"}},{"@attributes":{"member_name":"Courtney, Joe","cid":"N00024842","party":"D","state":"Connecticut","total":"3000","indivs":"0","pacs":"3000"}},{"@attributes":{"member_name":"Smith, Adam","cid":"N00007833","party":"D","state":"Washington","total":"3000","indivs":"0","pacs":"3000"}},{"@attributes":{"member_name":"Cooper, Jim","cid":"N00003132","party":"D","state":"Tennessee","total":"2500","indivs":"0","pacs":"2500"}},{"@attributes":{"member_name":"Bordallo, Madeleine Z","cid":"N00024866","party":"D","state":"Guam","total":"2000","indivs":"0","pacs":"2000"}},{"@attributes":{"member_name":"Lamborn, Douglas L","cid":"N00028133","party":"R","state":"Colorado","total":"2000","indivs":"0","pacs":"2000"}},{"@attributes":{"member_name":"Hunter, Duncan D","cid":"N00029258","party":"R","state":"California","total":"2000","indivs":"0","pacs":"2000"}},{"@attributes":{"member_name":"Graves, Sam","cid":"N00013323","party":"R","state":"Missouri","total":"2000","indivs":"0","pacs":"2000"}},{"@attributes":{"member_name":"Gabbard, Tulsi","cid":"N00033281","party":"D","state":"Hawaii","total":"1505","indivs":"253","pacs":"1252"}},{"@attributes":{"member_name":"O'Rourke, Beto","cid":"N00033540","party":"D","state":"Texas","total":"1000","indivs":"0","pacs":"1000"}},{"@attributes":{"member_name":"Castro, Joaquin","cid":"N00033316","party":"D","state":"Texas","total":"1000","indivs":"0","pacs":"1000"}},{"@attributes":{"member_name":"Bishop, Rob","cid":"N00025292","party":"R","state":"Utah","total":"1000","indivs":"0","pacs":"1000"}},{"@attributes":{"member_name":"Wittman, Rob","cid":"N00029459","party":"R","state":"Virginia","total":"0","indivs":"0","pacs":"0"}},{"@attributes":{"member_name":"Brady, Robert A","cid":"N00001619","party":"D","state":"Pennsylvania","total":"-1000","indivs":"0","pacs":"-1000"}}]}}}