{"response":{"committee":{"@attributes":{"committee_name":"HARM","industry":"Education","congno":"114","origin":"Center for Responsive Politics","source":"http:\/\/www.opensecrets.org\/cmteprofiles\/profiles.php?cmte=HARM&congno=114","last_updated":"02\/08\/17"},"member":[{"@attributes":{"member_name":"Duckworth, Tammy","cid":"N00027860","party":"D","state":"Illinois","total":"275628","indivs":"270628","pacs":"5000"}},{"@attributes":{"member_name":"Kline, John","cid":"N00004436","party":"R","state":"Minnesota","total":"106350","indivs":"74850","pacs":"31500"}},{"@attributes":{"member_name":"Heck, Joe","cid":"N00031244","party":"R","state":"Nevada","total":"83033","indivs":"63033","pacs":"20000"}},{"@attributes":{"member_name":"Sanchez, Loretta","cid":"N00008274","party":"D","state":"California","total":"82985","indivs":"71485","pacs":"11500"}},{"@attributes":{"member_name":"Peters, Scott","cid":"N00033591","party":"D","state":"California","total":"70849","indivs":"64849","pacs":"6000"}},{"@attributes":{"member_name":"Moulton, Seth","cid":"N00035431","party":"D","state":"Massachusetts","total":"69560","indivs":"69560","pacs":"0"}},{"@attributes":{"member_name":"Aguilar, Pete","cid":"N00033997","party":"D","state":"California","total":"42684","indivs":"41684","pacs":"1000"}},{"@attributes":{"member_name":"Stefanik, Elise","cid":"N00035523","party":"R","state":"New York","total":"32496","indivs":"24996","pacs":"7500"}},{"@attributes":{"member_name":"Forbes, Randy","cid":"N00013799","party":"R","state":"Virginia","total":"27647","indivs":"27647","pacs":"0"}},{"@attributes":{"member_name":"Ashford, Brad","cid":"N00005293","party":"D","state":"Nebraska","total":"27176","indivs":"27176","pacs":"0"}},{"@attributes":{"member_name":"Norcross, Don","cid":"N00036154","party":"D","state":"New Jersey","total":"27112","indivs":"27112","pacs":"0"}},{"@attributes":{"member_name":"McSally, Martha","cid":"N00033982","party":"R","state":"Arizona","total":"26677","indivs":"23677","pacs":"3000"}},{"@attributes":{"member_name":"Graham, Gwen","cid":"N00035688","party":"D","state":"Florida","total":"24088","indivs":"24088","pacs":"0"}},{"@attributes":{"member_name":"Walz, Tim","cid":"N00027467","party":"D","state":"Minnesota","total":"20575","indivs":"19075","pacs":"1500"}},{"@attributes":{"member_name":"Garamendi, John","cid":"N00030856","party":"D","state":"California","total":"18385","indivs":"13385","pacs":"5000"}},{"@attributes":{"member_name":"Tsongas, Niki","cid":"N00029026","party":"D","state":"Massachusetts","total":"17458","indivs":"17458","pacs":"0"}},{"@attributes":{"member_name":"Coffman, Mike","cid":"N00024753","party":"R","state":"Colorado","total":"16875","indivs":"9375","pacs":"7500"}},{"@attributes":{"member_name":"Castro, Joaquin","cid":"N00033316","party":"D","state":"Texas","total":"16740","indivs":"15740","pacs":"1000"}},{"@attributes":{"member_name":"Cooper, Jim","cid":"N00003132","party":"D","state":"Tennessee","total":"15550","indivs":"15550","pacs":"0"}},{"@attributes":{"member_name":"Hunter, Duncan D","cid":"N00029258","party":"R","state":"California","total":"13250","indivs":"750","pacs":"12500"}},{"@attributes":{"member_name":"Brady, Robert A","cid":"N00001619","party":"D","state":"Pennsylvania","total":"11600","indivs":"11600","pacs":"0"}},{"@attributes":{"member_name":"Gallego, Ruben","cid":"N00036097","party":"D","state":"Arizona","total":"11455","indivs":"4455","pacs":"7000"}},{"@attributes":{"member_name":"Byrne, Bradley","cid":"N00035380","party":"R","state":"Alabama","total":"11425","indivs":"8425","pacs":"3000"}},{"@attributes":{"member_name":"Zinke, Ryan K","cid":"N00035616","party":"R","state":"Montana","total":"11331","indivs":"11331","pacs":"0"}},{"@attributes":{"member_name":"Courtney, Joe","cid":"N00024842","party":"D","state":"Connecticut","total":"10595","indivs":"10595","pacs":"0"}},{"@attributes":{"member_name":"Takai, Mark","cid":"N00035535","party":"D","state":"Hawaii","total":"10298","indivs":"10298","pacs":"0"}},{"@attributes":{"member_name":"Speier, Jackie","cid":"N00029649","party":"D","state":"California","total":"10150","indivs":"10150","pacs":"0"}},{"@attributes":{"member_name":"Miller, Jeff","cid":"N00013846","party":"R","state":"Florida","total":"9950","indivs":"3950","pacs":"6000"}},{"@attributes":{"member_name":"Veasey, Marc","cid":"N00033839","party":"D","state":"Texas","total":"9750","indivs":"9750","pacs":"0"}},{"@attributes":{"member_name":"Wilson, Joe","cid":"N00024809","party":"R","state":"South Carolina","total":"9535","indivs":"3535","pacs":"6000"}},{"@attributes":{"member_name":"O'Rourke, Beto","cid":"N00033540","party":"D","state":"Texas","total":"9465","indivs":"9465","pacs":"0"}},{"@attributes":{"member_name":"Gabbard, Tulsi","cid":"N00033281","party":"D","state":"Hawaii","total":"9183","indivs":"9183","pacs":"0"}},{"@attributes":{"member_name":"Hartzler, Vicky","cid":"N00031005","party":"R","state":"Missouri","total":"8900","indivs":"8900","pacs":"0"}},{"@attributes":{"member_name":"Fleming, John","cid":"N00029679","party":"R","state":"Louisiana","total":"8787","indivs":"8787","pacs":"0"}},{"@attributes":{"member_name":"Langevin, Jim","cid":"N00009724","party":"D","state":"Rhode Island","total":"8325","indivs":"8325","pacs":"0"}},{"@attributes":{"member_name":"Shuster, Bill","cid":"N00013770","party":"R","state":"Pennsylvania","total":"7750","indivs":"5750","pacs":"2000"}},{"@attributes":{"member_name":"Wenstrup, Brad","cid":"N00033310","party":"R","state":"Ohio","total":"6300","indivs":"5300","pacs":"1000"}},{"@attributes":{"member_name":"Walorski, Jackie","cid":"N00031226","party":"R","state":"Indiana","total":"6291","indivs":"6291","pacs":"0"}},{"@attributes":{"member_name":"Graves, Sam","cid":"N00013323","party":"R","state":"Missouri","total":"6000","indivs":"0","pacs":"6000"}},{"@attributes":{"member_name":"Rogers, Mike D","cid":"N00024759","party":"R","state":"Alabama","total":"4450","indivs":"4450","pacs":"0"}},{"@attributes":{"member_name":"Thornberry, Mac","cid":"N00006052","party":"R","state":"Texas","total":"4400","indivs":"3400","pacs":"1000"}},{"@attributes":{"member_name":"Conaway, Mike","cid":"N00026041","party":"R","state":"Texas","total":"4150","indivs":"4150","pacs":"0"}},{"@attributes":{"member_name":"Knight, Steve","cid":"N00035820","party":"R","state":"California","total":"3600","indivs":"3600","pacs":"0"}},{"@attributes":{"member_name":"Bishop, Rob","cid":"N00025292","party":"R","state":"Utah","total":"3500","indivs":"2500","pacs":"1000"}},{"@attributes":{"member_name":"Davis, Susan A","cid":"N00009604","party":"D","state":"California","total":"2700","indivs":"2700","pacs":"0"}},{"@attributes":{"member_name":"Larsen, Rick","cid":"N00009759","party":"D","state":"Washington","total":"2390","indivs":"2390","pacs":"0"}},{"@attributes":{"member_name":"Wittman, Rob","cid":"N00029459","party":"R","state":"Virginia","total":"2350","indivs":"2350","pacs":"0"}},{"@attributes":{"member_name":"Lamborn, Douglas L","cid":"N00028133","party":"R","state":"Colorado","total":"2000","indivs":"0","pacs":"2000"}},{"@attributes":{"member_name":"MacArthur, Thomas","cid":"N00036155","party":"R","state":"New Jersey","total":"1650","indivs":"1650","pacs":"0"}},{"@attributes":{"member_name":"Franks, Trent","cid":"N00006423","party":"R","state":"Arizona","total":"1500","indivs":"0","pacs":"1500"}},{"@attributes":{"member_name":"Jones, Walter B Jr","cid":"N00002299","party":"R","state":"North Carolina","total":"1075","indivs":"1075","pacs":"0"}},{"@attributes":{"member_name":"LoBiondo, Frank A","cid":"N00000851","party":"R","state":"New Jersey","total":"1000","indivs":"1000","pacs":"0"}},{"@attributes":{"member_name":"Brooks, Mo","cid":"N00030910","party":"R","state":"Alabama","total":"1000","indivs":"1000","pacs":"0"}},{"@attributes":{"member_name":"Cook, Paul","cid":"N00034224","party":"R","state":"California","total":"750","indivs":"750","pacs":"0"}},{"@attributes":{"member_name":"Smith, Adam","cid":"N00007833","party":"D","state":"Washington","total":"750","indivs":"750","pacs":"0"}},{"@attributes":{"member_name":"Johnson, Hank","cid":"N00027848","party":"D","state":"Georgia","total":"750","indivs":"750","pacs":"0"}},{"@attributes":{"member_name":"Bridenstine, James","cid":"N00033532","party":"R","state":"Oklahoma","total":"600","indivs":"600","pacs":"0"}},{"@attributes":{"member_name":"Scott, Austin","cid":"N00032457","party":"R","state":"Georgia","total":"500","indivs":"500","pacs":"0"}},{"@attributes":{"member_name":"Turner, Michael R","cid":"N00025175","party":"R","state":"Ohio","total":"500","indivs":"500","pacs":"0"}}]}}}