{"response":{"committee":{"@attributes":{"committee_name":"HARM","industry":"Bldg Trade Unions","congno":"114","origin":"Center for Responsive Politics","source":"http:\/\/www.opensecrets.org\/cmteprofiles\/profiles.php?cmte=HARM&congno=114","last_updated":"02\/08\/17"},"member":[{"@attributes":{"member_name":"Norcross, Don","cid":"N00036154","party":"D","state":"New Jersey","total":"94900","indivs":"0","pacs":"94900"}},{"@attributes":{"member_name":"Duckworth, Tammy","cid":"N00027860","party":"D","state":"Illinois","total":"84030","indivs":"530","pacs":"83500"}},{"@attributes":{"member_name":"Brady, Robert A","cid":"N00001619","party":"D","state":"Pennsylvania","total":"75500","indivs":"0","pacs":"75500"}},{"@attributes":{"member_name":"Langevin, Jim","cid":"N00009724","party":"D","state":"Rhode Island","total":"65800","indivs":"0","pacs":"65800"}},{"@attributes":{"member_name":"LoBiondo, Frank A","cid":"N00000851","party":"R","state":"New Jersey","total":"65250","indivs":"0","pacs":"65250"}},{"@attributes":{"member_name":"Garamendi, John","cid":"N00030856","party":"D","state":"California","total":"60800","indivs":"0","pacs":"60800"}},{"@attributes":{"member_name":"Walz, Tim","cid":"N00027467","party":"D","state":"Minnesota","total":"58000","indivs":"0","pacs":"58000"}},{"@attributes":{"member_name":"Courtney, Joe","cid":"N00024842","party":"D","state":"Connecticut","total":"55500","indivs":"0","pacs":"55500"}},{"@attributes":{"member_name":"Aguilar, Pete","cid":"N00033997","party":"D","state":"California","total":"52500","indivs":"0","pacs":"52500"}},{"@attributes":{"member_name":"MacArthur, Thomas","cid":"N00036155","party":"R","state":"New Jersey","total":"50500","indivs":"0","pacs":"50500"}},{"@attributes":{"member_name":"Shuster, Bill","cid":"N00013770","party":"R","state":"Pennsylvania","total":"47500","indivs":"0","pacs":"47500"}},{"@attributes":{"member_name":"Gabbard, Tulsi","cid":"N00033281","party":"D","state":"Hawaii","total":"46000","indivs":"0","pacs":"46000"}},{"@attributes":{"member_name":"Cook, Paul","cid":"N00034224","party":"R","state":"California","total":"42500","indivs":"0","pacs":"42500"}},{"@attributes":{"member_name":"Tsongas, Niki","cid":"N00029026","party":"D","state":"Massachusetts","total":"41000","indivs":"0","pacs":"41000"}},{"@attributes":{"member_name":"Castro, Joaquin","cid":"N00033316","party":"D","state":"Texas","total":"40000","indivs":"0","pacs":"40000"}},{"@attributes":{"member_name":"Veasey, Marc","cid":"N00033839","party":"D","state":"Texas","total":"35000","indivs":"0","pacs":"35000"}},{"@attributes":{"member_name":"Stefanik, Elise","cid":"N00035523","party":"R","state":"New York","total":"34000","indivs":"0","pacs":"34000"}},{"@attributes":{"member_name":"Johnson, Hank","cid":"N00027848","party":"D","state":"Georgia","total":"34000","indivs":"0","pacs":"34000"}},{"@attributes":{"member_name":"Speier, Jackie","cid":"N00029649","party":"D","state":"California","total":"32500","indivs":"0","pacs":"32500"}},{"@attributes":{"member_name":"Takai, Mark","cid":"N00035535","party":"D","state":"Hawaii","total":"32500","indivs":"0","pacs":"32500"}},{"@attributes":{"member_name":"Graham, Gwen","cid":"N00035688","party":"D","state":"Florida","total":"31500","indivs":"0","pacs":"31500"}},{"@attributes":{"member_name":"Turner, Michael R","cid":"N00025175","party":"R","state":"Ohio","total":"29000","indivs":"0","pacs":"29000"}},{"@attributes":{"member_name":"Smith, Adam","cid":"N00007833","party":"D","state":"Washington","total":"28000","indivs":"0","pacs":"28000"}},{"@attributes":{"member_name":"Gallego, Ruben","cid":"N00036097","party":"D","state":"Arizona","total":"28000","indivs":"0","pacs":"28000"}},{"@attributes":{"member_name":"Ashford, Brad","cid":"N00005293","party":"D","state":"Nebraska","total":"25000","indivs":"0","pacs":"25000"}},{"@attributes":{"member_name":"Moulton, Seth","cid":"N00035431","party":"D","state":"Massachusetts","total":"22500","indivs":"0","pacs":"22500"}},{"@attributes":{"member_name":"Peters, Scott","cid":"N00033591","party":"D","state":"California","total":"20000","indivs":"0","pacs":"20000"}},{"@attributes":{"member_name":"Larsen, Rick","cid":"N00009759","party":"D","state":"Washington","total":"20000","indivs":"0","pacs":"20000"}},{"@attributes":{"member_name":"Cooper, Jim","cid":"N00003132","party":"D","state":"Tennessee","total":"20000","indivs":"0","pacs":"20000"}},{"@attributes":{"member_name":"Graves, Sam","cid":"N00013323","party":"R","state":"Missouri","total":"19000","indivs":"0","pacs":"19000"}},{"@attributes":{"member_name":"Sanchez, Loretta","cid":"N00008274","party":"D","state":"California","total":"18500","indivs":"0","pacs":"18500"}},{"@attributes":{"member_name":"Davis, Susan A","cid":"N00009604","party":"D","state":"California","total":"9000","indivs":"0","pacs":"9000"}},{"@attributes":{"member_name":"Heck, Joe","cid":"N00031244","party":"R","state":"Nevada","total":"7500","indivs":"0","pacs":"7500"}},{"@attributes":{"member_name":"Zinke, Ryan K","cid":"N00035616","party":"R","state":"Montana","total":"7500","indivs":"0","pacs":"7500"}},{"@attributes":{"member_name":"Gibson, Chris","cid":"N00031998","party":"R","state":"New York","total":"5000","indivs":"0","pacs":"5000"}},{"@attributes":{"member_name":"Hunter, Duncan D","cid":"N00029258","party":"R","state":"California","total":"4500","indivs":"0","pacs":"4500"}},{"@attributes":{"member_name":"Kline, John","cid":"N00004436","party":"R","state":"Minnesota","total":"500","indivs":"500","pacs":"0"}}]}}}