{"response":{"committee":{"@attributes":{"committee_name":"HBUD","industry":"Public Sector Unions","congno":"114","origin":"Center for Responsive Politics","source":"http:\/\/www.opensecrets.org\/cmteprofiles\/profiles.php?cmte=HBUD&congno=114","last_updated":"02\/08\/17"},"member":[{"@attributes":{"member_name":"Van Hollen, Chris","cid":"N00013820","party":"D","state":"Maryland","total":"111790","indivs":"9290","pacs":"102500"}},{"@attributes":{"member_name":"Grisham, Michelle Lujan","cid":"N00029400","party":"D","state":"New Mexico","total":"74500","indivs":"0","pacs":"74500"}},{"@attributes":{"member_name":"Pocan, Mark","cid":"N00033549","party":"D","state":"Wisconsin","total":"66200","indivs":"200","pacs":"66000"}},{"@attributes":{"member_name":"Pascrell, Bill Jr","cid":"N00000751","party":"D","state":"New Jersey","total":"62700","indivs":"0","pacs":"62700"}},{"@attributes":{"member_name":"Lee, Barbara","cid":"N00008046","party":"D","state":"California","total":"49700","indivs":"0","pacs":"49700"}},{"@attributes":{"member_name":"Moore, Gwen","cid":"N00026914","party":"D","state":"Wisconsin","total":"49000","indivs":"0","pacs":"49000"}},{"@attributes":{"member_name":"Yarmuth, John A","cid":"N00028073","party":"D","state":"Kentucky","total":"46500","indivs":"0","pacs":"46500"}},{"@attributes":{"member_name":"Ryan, Tim","cid":"N00025280","party":"D","state":"Ohio","total":"44700","indivs":"2700","pacs":"42000"}},{"@attributes":{"member_name":"Lieu, Ted","cid":"N00035825","party":"D","state":"California","total":"44500","indivs":"0","pacs":"44500"}},{"@attributes":{"member_name":"Dingell, Debbie","cid":"N00036149","party":"D","state":"Michigan","total":"39500","indivs":"0","pacs":"39500"}},{"@attributes":{"member_name":"Norcross, Don","cid":"N00036154","party":"D","state":"New Jersey","total":"38500","indivs":"0","pacs":"38500"}},{"@attributes":{"member_name":"Moulton, Seth","cid":"N00035431","party":"D","state":"Massachusetts","total":"15000","indivs":"0","pacs":"15000"}},{"@attributes":{"member_name":"Castor, Kathy","cid":"N00027514","party":"D","state":"Florida","total":"15000","indivs":"0","pacs":"15000"}},{"@attributes":{"member_name":"Cole, Tom","cid":"N00025726","party":"R","state":"Oklahoma","total":"11500","indivs":"0","pacs":"11500"}},{"@attributes":{"member_name":"McDermott, Jim","cid":"N00009829","party":"D","state":"Washington","total":"11000","indivs":"0","pacs":"11000"}},{"@attributes":{"member_name":"Calvert, Ken","cid":"N00007099","party":"R","state":"California","total":"2500","indivs":"0","pacs":"2500"}},{"@attributes":{"member_name":"Rokita, Todd","cid":"N00031741","party":"R","state":"Indiana","total":"2500","indivs":"0","pacs":"2500"}},{"@attributes":{"member_name":"Blackburn, Marsha","cid":"N00003105","party":"R","state":"Tennessee","total":"1000","indivs":"0","pacs":"1000"}},{"@attributes":{"member_name":"Schock, Aaron","cid":"N00029273","party":"R","state":"Illinois","total":"1000","indivs":"0","pacs":"1000"}},{"@attributes":{"member_name":"Mooney, Alex","cid":"N00033814","party":"R","state":"West Virginia","total":"1000","indivs":"0","pacs":"1000"}}]}}}