{"response":{"committee":{"@attributes":{"committee_name":"HBUD","industry":"Pharm\/Health Prod","congno":"114","origin":"Center for Responsive Politics","source":"http:\/\/www.opensecrets.org\/cmteprofiles\/profiles.php?cmte=HBUD&congno=114","last_updated":"02\/08\/17"},"member":[{"@attributes":{"member_name":"Blackburn, Marsha","cid":"N00003105","party":"R","state":"Tennessee","total":"172685","indivs":"25500","pacs":"147185"}},{"@attributes":{"member_name":"Price, Tom","cid":"N00026160","party":"R","state":"Georgia","total":"164900","indivs":"21900","pacs":"143000"}},{"@attributes":{"member_name":"Van Hollen, Chris","cid":"N00013820","party":"D","state":"Maryland","total":"129750","indivs":"115750","pacs":"14000"}},{"@attributes":{"member_name":"Black, Diane","cid":"N00031539","party":"R","state":"Tennessee","total":"101339","indivs":"0","pacs":"101339"}},{"@attributes":{"member_name":"Moulton, Seth","cid":"N00035431","party":"D","state":"Massachusetts","total":"70600","indivs":"5600","pacs":"65000"}},{"@attributes":{"member_name":"Pascrell, Bill Jr","cid":"N00000751","party":"D","state":"New Jersey","total":"52900","indivs":"2900","pacs":"50000"}},{"@attributes":{"member_name":"Lieu, Ted","cid":"N00035825","party":"D","state":"California","total":"48450","indivs":"21850","pacs":"26600"}},{"@attributes":{"member_name":"Cole, Tom","cid":"N00025726","party":"R","state":"Oklahoma","total":"41750","indivs":"250","pacs":"41500"}},{"@attributes":{"member_name":"Norcross, Don","cid":"N00036154","party":"D","state":"New Jersey","total":"39900","indivs":"5400","pacs":"34500"}},{"@attributes":{"member_name":"Lee, Barbara","cid":"N00008046","party":"D","state":"California","total":"37040","indivs":"20040","pacs":"17000"}},{"@attributes":{"member_name":"Grisham, Michelle Lujan","cid":"N00029400","party":"D","state":"New Mexico","total":"33450","indivs":"950","pacs":"32500"}},{"@attributes":{"member_name":"Blum, Rod","cid":"N00033744","party":"R","state":"Iowa","total":"29300","indivs":"16528","pacs":"12772"}},{"@attributes":{"member_name":"Rokita, Todd","cid":"N00031741","party":"R","state":"Indiana","total":"23500","indivs":"6000","pacs":"17500"}},{"@attributes":{"member_name":"Garrett, Scott","cid":"N00000743","party":"R","state":"New Jersey","total":"20350","indivs":"19350","pacs":"1000"}},{"@attributes":{"member_name":"Dingell, Debbie","cid":"N00036149","party":"D","state":"Michigan","total":"18500","indivs":"0","pacs":"18500"}},{"@attributes":{"member_name":"Pocan, Mark","cid":"N00033549","party":"D","state":"Wisconsin","total":"13509","indivs":"4009","pacs":"9500"}},{"@attributes":{"member_name":"Stutzman, Marlin","cid":"N00030891","party":"R","state":"Indiana","total":"11350","indivs":"2850","pacs":"8500"}},{"@attributes":{"member_name":"Moore, Gwen","cid":"N00026914","party":"D","state":"Wisconsin","total":"11000","indivs":"0","pacs":"11000"}},{"@attributes":{"member_name":"Grothman, Glenn S","cid":"N00036409","party":"R","state":"Wisconsin","total":"7000","indivs":"4500","pacs":"2500"}},{"@attributes":{"member_name":"Hartzler, Vicky","cid":"N00031005","party":"R","state":"Missouri","total":"6000","indivs":"0","pacs":"6000"}},{"@attributes":{"member_name":"Castor, Kathy","cid":"N00027514","party":"D","state":"Florida","total":"4750","indivs":"250","pacs":"4500"}},{"@attributes":{"member_name":"Ryan, Tim","cid":"N00025280","party":"D","state":"Ohio","total":"4500","indivs":"0","pacs":"4500"}},{"@attributes":{"member_name":"Woodall, Rob","cid":"N00032416","party":"R","state":"Georgia","total":"4500","indivs":"0","pacs":"4500"}},{"@attributes":{"member_name":"Calvert, Ken","cid":"N00007099","party":"R","state":"California","total":"4500","indivs":"0","pacs":"4500"}},{"@attributes":{"member_name":"Mooney, Alex","cid":"N00033814","party":"R","state":"West Virginia","total":"3600","indivs":"0","pacs":"3600"}},{"@attributes":{"member_name":"Yarmuth, John A","cid":"N00028073","party":"D","state":"Kentucky","total":"3500","indivs":"0","pacs":"3500"}},{"@attributes":{"member_name":"Rice, Tom","cid":"N00033832","party":"R","state":"South Carolina","total":"3500","indivs":"500","pacs":"3000"}},{"@attributes":{"member_name":"McDermott, Jim","cid":"N00009829","party":"D","state":"Washington","total":"2000","indivs":"0","pacs":"2000"}},{"@attributes":{"member_name":"Brat, Dave","cid":"N00036013","party":"R","state":"Virginia","total":"1500","indivs":"1500","pacs":"0"}},{"@attributes":{"member_name":"McClintock, Tom","cid":"N00006863","party":"R","state":"California","total":"1000","indivs":"1000","pacs":"0"}},{"@attributes":{"member_name":"Palmer, Gary","cid":"N00035691","party":"R","state":"Alabama","total":"1000","indivs":"0","pacs":"1000"}},{"@attributes":{"member_name":"Sanford, Mark","cid":"N00002424","party":"R","state":"South Carolina","total":"1000","indivs":"1000","pacs":"0"}},{"@attributes":{"member_name":"Moolenaar, John","cid":"N00036275","party":"R","state":"Michigan","total":"100","indivs":"0","pacs":"100"}},{"@attributes":{"member_name":"Schock, Aaron","cid":"N00029273","party":"R","state":"Illinois","total":"-1000","indivs":"0","pacs":"-1000"}}]}}}