{"response":{"committee":{"@attributes":{"committee_name":"HBUD","industry":"Livestock","congno":"114","origin":"Center for Responsive Politics","source":"http:\/\/www.opensecrets.org\/cmteprofiles\/profiles.php?cmte=HBUD&congno=114","last_updated":"02\/08\/17"},"member":[{"@attributes":{"member_name":"Blum, Rod","cid":"N00033744","party":"R","state":"Iowa","total":"24400","indivs":"10900","pacs":"13500"}},{"@attributes":{"member_name":"Cole, Tom","cid":"N00025726","party":"R","state":"Oklahoma","total":"19000","indivs":"9500","pacs":"9500"}},{"@attributes":{"member_name":"Hartzler, Vicky","cid":"N00031005","party":"R","state":"Missouri","total":"15775","indivs":"1275","pacs":"14500"}},{"@attributes":{"member_name":"Calvert, Ken","cid":"N00007099","party":"R","state":"California","total":"13000","indivs":"1000","pacs":"12000"}},{"@attributes":{"member_name":"Moolenaar, John","cid":"N00036275","party":"R","state":"Michigan","total":"8500","indivs":"0","pacs":"8500"}},{"@attributes":{"member_name":"Woodall, Rob","cid":"N00032416","party":"R","state":"Georgia","total":"7000","indivs":"0","pacs":"7000"}},{"@attributes":{"member_name":"McClintock, Tom","cid":"N00006863","party":"R","state":"California","total":"5250","indivs":"2750","pacs":"2500"}},{"@attributes":{"member_name":"Rokita, Todd","cid":"N00031741","party":"R","state":"Indiana","total":"5000","indivs":"0","pacs":"5000"}},{"@attributes":{"member_name":"Yarmuth, John A","cid":"N00028073","party":"D","state":"Kentucky","total":"3700","indivs":"3700","pacs":"0"}},{"@attributes":{"member_name":"Grisham, Michelle Lujan","cid":"N00029400","party":"D","state":"New Mexico","total":"3700","indivs":"3700","pacs":"0"}},{"@attributes":{"member_name":"Westerman, Bruce","cid":"N00035527","party":"R","state":"Arkansas","total":"2000","indivs":"0","pacs":"2000"}},{"@attributes":{"member_name":"Palmer, Gary","cid":"N00035691","party":"R","state":"Alabama","total":"1000","indivs":"0","pacs":"1000"}},{"@attributes":{"member_name":"Garrett, Scott","cid":"N00000743","party":"R","state":"New Jersey","total":"1000","indivs":"1000","pacs":"0"}},{"@attributes":{"member_name":"Black, Diane","cid":"N00031539","party":"R","state":"Tennessee","total":"750","indivs":"750","pacs":"0"}},{"@attributes":{"member_name":"Stutzman, Marlin","cid":"N00030891","party":"R","state":"Indiana","total":"750","indivs":"750","pacs":"0"}},{"@attributes":{"member_name":"Mooney, Alex","cid":"N00033814","party":"R","state":"West Virginia","total":"100","indivs":"100","pacs":"0"}}]}}}