{"response":{"committee":{"@attributes":{"committee_name":"HBUD","industry":"Finance\/Credit","congno":"114","origin":"Center for Responsive Politics","source":"http:\/\/www.opensecrets.org\/cmteprofiles\/profiles.php?cmte=HBUD&congno=114","last_updated":"02\/08\/17"},"member":[{"@attributes":{"member_name":"Moore, Gwen","cid":"N00026914","party":"D","state":"Wisconsin","total":"40000","indivs":"1000","pacs":"39000"}},{"@attributes":{"member_name":"Black, Diane","cid":"N00031539","party":"R","state":"Tennessee","total":"33000","indivs":"32000","pacs":"1000"}},{"@attributes":{"member_name":"Blackburn, Marsha","cid":"N00003105","party":"R","state":"Tennessee","total":"32950","indivs":"8950","pacs":"24000"}},{"@attributes":{"member_name":"Palmer, Gary","cid":"N00035691","party":"R","state":"Alabama","total":"32200","indivs":"32200","pacs":"0"}},{"@attributes":{"member_name":"Price, Tom","cid":"N00026160","party":"R","state":"Georgia","total":"21500","indivs":"1000","pacs":"20500"}},{"@attributes":{"member_name":"Garrett, Scott","cid":"N00000743","party":"R","state":"New Jersey","total":"16700","indivs":"5700","pacs":"11000"}},{"@attributes":{"member_name":"Brat, Dave","cid":"N00036013","party":"R","state":"Virginia","total":"12100","indivs":"10850","pacs":"1250"}},{"@attributes":{"member_name":"Stutzman, Marlin","cid":"N00030891","party":"R","state":"Indiana","total":"11700","indivs":"2700","pacs":"9000"}},{"@attributes":{"member_name":"Van Hollen, Chris","cid":"N00013820","party":"D","state":"Maryland","total":"10700","indivs":"8200","pacs":"2500"}},{"@attributes":{"member_name":"Mooney, Alex","cid":"N00033814","party":"R","state":"West Virginia","total":"8400","indivs":"7400","pacs":"1000"}},{"@attributes":{"member_name":"Blum, Rod","cid":"N00033744","party":"R","state":"Iowa","total":"7950","indivs":"5450","pacs":"2500"}},{"@attributes":{"member_name":"Sanford, Mark","cid":"N00002424","party":"R","state":"South Carolina","total":"7900","indivs":"5400","pacs":"2500"}},{"@attributes":{"member_name":"Rokita, Todd","cid":"N00031741","party":"R","state":"Indiana","total":"7500","indivs":"5500","pacs":"2000"}},{"@attributes":{"member_name":"Castor, Kathy","cid":"N00027514","party":"D","state":"Florida","total":"6000","indivs":"6000","pacs":"0"}},{"@attributes":{"member_name":"Pascrell, Bill Jr","cid":"N00000751","party":"D","state":"New Jersey","total":"3500","indivs":"0","pacs":"3500"}},{"@attributes":{"member_name":"Dingell, Debbie","cid":"N00036149","party":"D","state":"Michigan","total":"3000","indivs":"3000","pacs":"0"}},{"@attributes":{"member_name":"Woodall, Rob","cid":"N00032416","party":"R","state":"Georgia","total":"2000","indivs":"0","pacs":"2000"}},{"@attributes":{"member_name":"Cole, Tom","cid":"N00025726","party":"R","state":"Oklahoma","total":"2000","indivs":"0","pacs":"2000"}},{"@attributes":{"member_name":"McClintock, Tom","cid":"N00006863","party":"R","state":"California","total":"1500","indivs":"1500","pacs":"0"}},{"@attributes":{"member_name":"Hartzler, Vicky","cid":"N00031005","party":"R","state":"Missouri","total":"1500","indivs":"1500","pacs":"0"}},{"@attributes":{"member_name":"Lieu, Ted","cid":"N00035825","party":"D","state":"California","total":"1000","indivs":"0","pacs":"1000"}},{"@attributes":{"member_name":"Norcross, Don","cid":"N00036154","party":"D","state":"New Jersey","total":"1000","indivs":"0","pacs":"1000"}},{"@attributes":{"member_name":"Moulton, Seth","cid":"N00035431","party":"D","state":"Massachusetts","total":"250","indivs":"250","pacs":"0"}}]}}}