{"response":{"committee":{"@attributes":{"committee_name":"HBUD","industry":"Building Materials","congno":"114","origin":"Center for Responsive Politics","source":"http:\/\/www.opensecrets.org\/cmteprofiles\/profiles.php?cmte=HBUD&congno=114","last_updated":"02\/08\/17"},"member":[{"@attributes":{"member_name":"Rice, Tom","cid":"N00033832","party":"R","state":"South Carolina","total":"67650","indivs":"47150","pacs":"20500"}},{"@attributes":{"member_name":"Palmer, Gary","cid":"N00035691","party":"R","state":"Alabama","total":"49100","indivs":"45100","pacs":"4000"}},{"@attributes":{"member_name":"Woodall, Rob","cid":"N00032416","party":"R","state":"Georgia","total":"43050","indivs":"14300","pacs":"28750"}},{"@attributes":{"member_name":"Calvert, Ken","cid":"N00007099","party":"R","state":"California","total":"38800","indivs":"25800","pacs":"13000"}},{"@attributes":{"member_name":"Rokita, Todd","cid":"N00031741","party":"R","state":"Indiana","total":"37300","indivs":"12800","pacs":"24500"}},{"@attributes":{"member_name":"Price, Tom","cid":"N00026160","party":"R","state":"Georgia","total":"27400","indivs":"11400","pacs":"16000"}},{"@attributes":{"member_name":"Blum, Rod","cid":"N00033744","party":"R","state":"Iowa","total":"27000","indivs":"20000","pacs":"7000"}},{"@attributes":{"member_name":"Cole, Tom","cid":"N00025726","party":"R","state":"Oklahoma","total":"20400","indivs":"5400","pacs":"15000"}},{"@attributes":{"member_name":"Pascrell, Bill Jr","cid":"N00000751","party":"D","state":"New Jersey","total":"19950","indivs":"7450","pacs":"12500"}},{"@attributes":{"member_name":"Black, Diane","cid":"N00031539","party":"R","state":"Tennessee","total":"17800","indivs":"11800","pacs":"6000"}},{"@attributes":{"member_name":"Blackburn, Marsha","cid":"N00003105","party":"R","state":"Tennessee","total":"16000","indivs":"3000","pacs":"13000"}},{"@attributes":{"member_name":"Moolenaar, John","cid":"N00036275","party":"R","state":"Michigan","total":"14200","indivs":"5700","pacs":"8500"}},{"@attributes":{"member_name":"Westerman, Bruce","cid":"N00035527","party":"R","state":"Arkansas","total":"12250","indivs":"7250","pacs":"5000"}},{"@attributes":{"member_name":"Hartzler, Vicky","cid":"N00031005","party":"R","state":"Missouri","total":"11900","indivs":"10400","pacs":"1500"}},{"@attributes":{"member_name":"Sanford, Mark","cid":"N00002424","party":"R","state":"South Carolina","total":"11500","indivs":"1000","pacs":"10500"}},{"@attributes":{"member_name":"Moore, Gwen","cid":"N00026914","party":"D","state":"Wisconsin","total":"11000","indivs":"0","pacs":"11000"}},{"@attributes":{"member_name":"Garrett, Scott","cid":"N00000743","party":"R","state":"New Jersey","total":"10100","indivs":"10100","pacs":"0"}},{"@attributes":{"member_name":"McClintock, Tom","cid":"N00006863","party":"R","state":"California","total":"9650","indivs":"7650","pacs":"2000"}},{"@attributes":{"member_name":"Castor, Kathy","cid":"N00027514","party":"D","state":"Florida","total":"9500","indivs":"2000","pacs":"7500"}},{"@attributes":{"member_name":"Van Hollen, Chris","cid":"N00013820","party":"D","state":"Maryland","total":"8705","indivs":"2705","pacs":"6000"}},{"@attributes":{"member_name":"Mooney, Alex","cid":"N00033814","party":"R","state":"West Virginia","total":"7000","indivs":"0","pacs":"7000"}},{"@attributes":{"member_name":"Schock, Aaron","cid":"N00029273","party":"R","state":"Illinois","total":"5500","indivs":"500","pacs":"5000"}},{"@attributes":{"member_name":"Stutzman, Marlin","cid":"N00030891","party":"R","state":"Indiana","total":"5200","indivs":"5200","pacs":"0"}},{"@attributes":{"member_name":"Norcross, Don","cid":"N00036154","party":"D","state":"New Jersey","total":"5200","indivs":"2700","pacs":"2500"}},{"@attributes":{"member_name":"Grothman, Glenn S","cid":"N00036409","party":"R","state":"Wisconsin","total":"4700","indivs":"1700","pacs":"3000"}},{"@attributes":{"member_name":"Ryan, Tim","cid":"N00025280","party":"D","state":"Ohio","total":"3500","indivs":"0","pacs":"3500"}},{"@attributes":{"member_name":"Lee, Barbara","cid":"N00008046","party":"D","state":"California","total":"2250","indivs":"2250","pacs":"0"}},{"@attributes":{"member_name":"Grisham, Michelle Lujan","cid":"N00029400","party":"D","state":"New Mexico","total":"1500","indivs":"0","pacs":"1500"}},{"@attributes":{"member_name":"Dingell, Debbie","cid":"N00036149","party":"D","state":"Michigan","total":"1000","indivs":"0","pacs":"1000"}}]}}}