{"response":{"committee":{"@attributes":{"committee_name":"HBUD","industry":"Mining","congno":"114","origin":"Center for Responsive Politics","source":"http:\/\/www.opensecrets.org\/cmteprofiles\/profiles.php?cmte=HBUD&congno=114","last_updated":"02\/08\/17"},"member":[{"@attributes":{"member_name":"Mooney, Alex","cid":"N00033814","party":"R","state":"West Virginia","total":"29526","indivs":"16700","pacs":"12826"}},{"@attributes":{"member_name":"Calvert, Ken","cid":"N00007099","party":"R","state":"California","total":"27900","indivs":"5400","pacs":"22500"}},{"@attributes":{"member_name":"Cole, Tom","cid":"N00025726","party":"R","state":"Oklahoma","total":"19200","indivs":"10200","pacs":"9000"}},{"@attributes":{"member_name":"Palmer, Gary","cid":"N00035691","party":"R","state":"Alabama","total":"13300","indivs":"10800","pacs":"2500"}},{"@attributes":{"member_name":"Grisham, Michelle Lujan","cid":"N00029400","party":"D","state":"New Mexico","total":"5000","indivs":"0","pacs":"5000"}},{"@attributes":{"member_name":"Westerman, Bruce","cid":"N00035527","party":"R","state":"Arkansas","total":"2000","indivs":"0","pacs":"2000"}},{"@attributes":{"member_name":"Rokita, Todd","cid":"N00031741","party":"R","state":"Indiana","total":"2000","indivs":"0","pacs":"2000"}},{"@attributes":{"member_name":"Hartzler, Vicky","cid":"N00031005","party":"R","state":"Missouri","total":"1000","indivs":"0","pacs":"1000"}},{"@attributes":{"member_name":"Stutzman, Marlin","cid":"N00030891","party":"R","state":"Indiana","total":"1000","indivs":"1000","pacs":"0"}},{"@attributes":{"member_name":"Blackburn, Marsha","cid":"N00003105","party":"R","state":"Tennessee","total":"500","indivs":"500","pacs":"0"}}]}}}