{"response":{"committee":{"@attributes":{"committee_name":"HBUD","industry":"General Contractors","congno":"114","origin":"Center for Responsive Politics","source":"http:\/\/www.opensecrets.org\/cmteprofiles\/profiles.php?cmte=HBUD&congno=114","last_updated":"02\/08\/17"},"member":[{"@attributes":{"member_name":"Palmer, Gary","cid":"N00035691","party":"R","state":"Alabama","total":"69500","indivs":"67500","pacs":"2000"}},{"@attributes":{"member_name":"Van Hollen, Chris","cid":"N00013820","party":"D","state":"Maryland","total":"58085","indivs":"53085","pacs":"5000"}},{"@attributes":{"member_name":"Rice, Tom","cid":"N00033832","party":"R","state":"South Carolina","total":"43150","indivs":"23650","pacs":"19500"}},{"@attributes":{"member_name":"Pascrell, Bill Jr","cid":"N00000751","party":"D","state":"New Jersey","total":"36900","indivs":"31400","pacs":"5500"}},{"@attributes":{"member_name":"Calvert, Ken","cid":"N00007099","party":"R","state":"California","total":"34750","indivs":"18250","pacs":"16500"}},{"@attributes":{"member_name":"Black, Diane","cid":"N00031539","party":"R","state":"Tennessee","total":"27900","indivs":"13400","pacs":"14500"}},{"@attributes":{"member_name":"Norcross, Don","cid":"N00036154","party":"D","state":"New Jersey","total":"25700","indivs":"19700","pacs":"6000"}},{"@attributes":{"member_name":"Stutzman, Marlin","cid":"N00030891","party":"R","state":"Indiana","total":"23620","indivs":"23620","pacs":"0"}},{"@attributes":{"member_name":"Price, Tom","cid":"N00026160","party":"R","state":"Georgia","total":"23500","indivs":"3000","pacs":"20500"}},{"@attributes":{"member_name":"Grothman, Glenn S","cid":"N00036409","party":"R","state":"Wisconsin","total":"23383","indivs":"20883","pacs":"2500"}},{"@attributes":{"member_name":"Blum, Rod","cid":"N00033744","party":"R","state":"Iowa","total":"23100","indivs":"12600","pacs":"10500"}},{"@attributes":{"member_name":"Rokita, Todd","cid":"N00031741","party":"R","state":"Indiana","total":"23065","indivs":"14565","pacs":"8500"}},{"@attributes":{"member_name":"Cole, Tom","cid":"N00025726","party":"R","state":"Oklahoma","total":"17900","indivs":"6900","pacs":"11000"}},{"@attributes":{"member_name":"Hartzler, Vicky","cid":"N00031005","party":"R","state":"Missouri","total":"17450","indivs":"12950","pacs":"4500"}},{"@attributes":{"member_name":"Woodall, Rob","cid":"N00032416","party":"R","state":"Georgia","total":"17100","indivs":"9600","pacs":"7500"}},{"@attributes":{"member_name":"Sanford, Mark","cid":"N00002424","party":"R","state":"South Carolina","total":"13450","indivs":"11450","pacs":"2000"}},{"@attributes":{"member_name":"Mooney, Alex","cid":"N00033814","party":"R","state":"West Virginia","total":"13300","indivs":"8300","pacs":"5000"}},{"@attributes":{"member_name":"Moolenaar, John","cid":"N00036275","party":"R","state":"Michigan","total":"10590","indivs":"4590","pacs":"6000"}},{"@attributes":{"member_name":"Brat, Dave","cid":"N00036013","party":"R","state":"Virginia","total":"8700","indivs":"7700","pacs":"1000"}},{"@attributes":{"member_name":"Blackburn, Marsha","cid":"N00003105","party":"R","state":"Tennessee","total":"7500","indivs":"2500","pacs":"5000"}},{"@attributes":{"member_name":"Moulton, Seth","cid":"N00035431","party":"D","state":"Massachusetts","total":"6500","indivs":"1500","pacs":"5000"}},{"@attributes":{"member_name":"McClintock, Tom","cid":"N00006863","party":"R","state":"California","total":"6150","indivs":"4150","pacs":"2000"}},{"@attributes":{"member_name":"Ryan, Tim","cid":"N00025280","party":"D","state":"Ohio","total":"5250","indivs":"4250","pacs":"1000"}},{"@attributes":{"member_name":"Moore, Gwen","cid":"N00026914","party":"D","state":"Wisconsin","total":"5000","indivs":"5000","pacs":"0"}},{"@attributes":{"member_name":"Pocan, Mark","cid":"N00033549","party":"D","state":"Wisconsin","total":"5000","indivs":"5000","pacs":"0"}},{"@attributes":{"member_name":"Nunnelee, Alan","cid":"N00031006","party":"R","state":"Mississippi","total":"5000","indivs":"5000","pacs":"0"}},{"@attributes":{"member_name":"Westerman, Bruce","cid":"N00035527","party":"R","state":"Arkansas","total":"4250","indivs":"750","pacs":"3500"}},{"@attributes":{"member_name":"Lee, Barbara","cid":"N00008046","party":"D","state":"California","total":"3450","indivs":"3450","pacs":"0"}},{"@attributes":{"member_name":"Garrett, Scott","cid":"N00000743","party":"R","state":"New Jersey","total":"3200","indivs":"3200","pacs":"0"}},{"@attributes":{"member_name":"Grisham, Michelle Lujan","cid":"N00029400","party":"D","state":"New Mexico","total":"3000","indivs":"1000","pacs":"2000"}},{"@attributes":{"member_name":"Dingell, Debbie","cid":"N00036149","party":"D","state":"Michigan","total":"2750","indivs":"2750","pacs":"0"}},{"@attributes":{"member_name":"Castor, Kathy","cid":"N00027514","party":"D","state":"Florida","total":"1500","indivs":"500","pacs":"1000"}},{"@attributes":{"member_name":"Lieu, Ted","cid":"N00035825","party":"D","state":"California","total":"1250","indivs":"1250","pacs":"0"}},{"@attributes":{"member_name":"Yarmuth, John A","cid":"N00028073","party":"D","state":"Kentucky","total":"1000","indivs":"0","pacs":"1000"}},{"@attributes":{"member_name":"McDermott, Jim","cid":"N00009829","party":"D","state":"Washington","total":"300","indivs":"300","pacs":"0"}}]}}}