{"response":{"committee":{"@attributes":{"committee_name":"HBUD","industry":"Women's Issues","congno":"114","origin":"Center for Responsive Politics","source":"http:\/\/www.opensecrets.org\/cmteprofiles\/profiles.php?cmte=HBUD&congno=114","last_updated":"02\/08\/17"},"member":[{"@attributes":{"member_name":"Blackburn, Marsha","cid":"N00003105","party":"R","state":"Tennessee","total":"13250","indivs":"3250","pacs":"10000"}},{"@attributes":{"member_name":"Black, Diane","cid":"N00031539","party":"R","state":"Tennessee","total":"10525","indivs":"500","pacs":"10025"}},{"@attributes":{"member_name":"Van Hollen, Chris","cid":"N00013820","party":"D","state":"Maryland","total":"5275","indivs":"5275","pacs":"0"}},{"@attributes":{"member_name":"Lee, Barbara","cid":"N00008046","party":"D","state":"California","total":"1000","indivs":"1000","pacs":"0"}}]}}}