{"response":{"committee":{"@attributes":{"committee_name":"HBUD","industry":"Lawyers\/Law Firms","congno":"114","origin":"Center for Responsive Politics","source":"http:\/\/www.opensecrets.org\/cmteprofiles\/profiles.php?cmte=HBUD&congno=114","last_updated":"02\/08\/17"},"member":[{"@attributes":{"member_name":"Van Hollen, Chris","cid":"N00013820","party":"D","state":"Maryland","total":"2771528","indivs":"2696912","pacs":"74616"}},{"@attributes":{"member_name":"Norcross, Don","cid":"N00036154","party":"D","state":"New Jersey","total":"220060","indivs":"183169","pacs":"36891"}},{"@attributes":{"member_name":"Grisham, Michelle Lujan","cid":"N00029400","party":"D","state":"New Mexico","total":"185927","indivs":"170677","pacs":"15250"}},{"@attributes":{"member_name":"Pascrell, Bill Jr","cid":"N00000751","party":"D","state":"New Jersey","total":"148650","indivs":"109900","pacs":"38750"}},{"@attributes":{"member_name":"Lieu, Ted","cid":"N00035825","party":"D","state":"California","total":"145603","indivs":"129153","pacs":"16450"}},{"@attributes":{"member_name":"Moulton, Seth","cid":"N00035431","party":"D","state":"Massachusetts","total":"128715","indivs":"102215","pacs":"26500"}},{"@attributes":{"member_name":"Dingell, Debbie","cid":"N00036149","party":"D","state":"Michigan","total":"83575","indivs":"45475","pacs":"38100"}},{"@attributes":{"member_name":"Lee, Barbara","cid":"N00008046","party":"D","state":"California","total":"69203","indivs":"53703","pacs":"15500"}},{"@attributes":{"member_name":"Cole, Tom","cid":"N00025726","party":"R","state":"Oklahoma","total":"68000","indivs":"35000","pacs":"33000"}},{"@attributes":{"member_name":"Garrett, Scott","cid":"N00000743","party":"R","state":"New Jersey","total":"64385","indivs":"54935","pacs":"9450"}},{"@attributes":{"member_name":"Castor, Kathy","cid":"N00027514","party":"D","state":"Florida","total":"59505","indivs":"42255","pacs":"17250"}},{"@attributes":{"member_name":"Blackburn, Marsha","cid":"N00003105","party":"R","state":"Tennessee","total":"55650","indivs":"20150","pacs":"35500"}},{"@attributes":{"member_name":"Price, Tom","cid":"N00026160","party":"R","state":"Georgia","total":"51800","indivs":"18550","pacs":"33250"}},{"@attributes":{"member_name":"Mooney, Alex","cid":"N00033814","party":"R","state":"West Virginia","total":"50744","indivs":"47994","pacs":"2750"}},{"@attributes":{"member_name":"Rokita, Todd","cid":"N00031741","party":"R","state":"Indiana","total":"45989","indivs":"41489","pacs":"4500"}},{"@attributes":{"member_name":"Palmer, Gary","cid":"N00035691","party":"R","state":"Alabama","total":"42550","indivs":"23050","pacs":"19500"}},{"@attributes":{"member_name":"Black, Diane","cid":"N00031539","party":"R","state":"Tennessee","total":"38750","indivs":"25600","pacs":"13150"}},{"@attributes":{"member_name":"Ryan, Tim","cid":"N00025280","party":"D","state":"Ohio","total":"38001","indivs":"26001","pacs":"12000"}},{"@attributes":{"member_name":"Rice, Tom","cid":"N00033832","party":"R","state":"South Carolina","total":"37750","indivs":"27000","pacs":"10750"}},{"@attributes":{"member_name":"Calvert, Ken","cid":"N00007099","party":"R","state":"California","total":"33700","indivs":"18200","pacs":"15500"}},{"@attributes":{"member_name":"Pocan, Mark","cid":"N00033549","party":"D","state":"Wisconsin","total":"32364","indivs":"16985","pacs":"15379"}},{"@attributes":{"member_name":"Yarmuth, John A","cid":"N00028073","party":"D","state":"Kentucky","total":"30550","indivs":"21050","pacs":"9500"}},{"@attributes":{"member_name":"Hartzler, Vicky","cid":"N00031005","party":"R","state":"Missouri","total":"29830","indivs":"21080","pacs":"8750"}},{"@attributes":{"member_name":"Stutzman, Marlin","cid":"N00030891","party":"R","state":"Indiana","total":"28200","indivs":"27200","pacs":"1000"}},{"@attributes":{"member_name":"Brat, Dave","cid":"N00036013","party":"R","state":"Virginia","total":"25924","indivs":"24674","pacs":"1250"}},{"@attributes":{"member_name":"Grothman, Glenn S","cid":"N00036409","party":"R","state":"Wisconsin","total":"23810","indivs":"20810","pacs":"3000"}},{"@attributes":{"member_name":"Moore, Gwen","cid":"N00026914","party":"D","state":"Wisconsin","total":"22900","indivs":"9400","pacs":"13500"}},{"@attributes":{"member_name":"Sanford, Mark","cid":"N00002424","party":"R","state":"South Carolina","total":"21200","indivs":"18200","pacs":"3000"}},{"@attributes":{"member_name":"McClintock, Tom","cid":"N00006863","party":"R","state":"California","total":"17175","indivs":"13675","pacs":"3500"}},{"@attributes":{"member_name":"Moolenaar, John","cid":"N00036275","party":"R","state":"Michigan","total":"16100","indivs":"9850","pacs":"6250"}},{"@attributes":{"member_name":"McDermott, Jim","cid":"N00009829","party":"D","state":"Washington","total":"14300","indivs":"6300","pacs":"8000"}},{"@attributes":{"member_name":"Woodall, Rob","cid":"N00032416","party":"R","state":"Georgia","total":"9000","indivs":"6000","pacs":"3000"}},{"@attributes":{"member_name":"Westerman, Bruce","cid":"N00035527","party":"R","state":"Arkansas","total":"6850","indivs":"7850","pacs":"-1000"}},{"@attributes":{"member_name":"Blum, Rod","cid":"N00033744","party":"R","state":"Iowa","total":"6630","indivs":"5130","pacs":"1500"}},{"@attributes":{"member_name":"Schock, Aaron","cid":"N00029273","party":"R","state":"Illinois","total":"2200","indivs":"2700","pacs":"-500"}}]}}}