{"response":{"committee":{"@attributes":{"committee_name":"HBUD","industry":"Anti-Abortion","congno":"114","origin":"Center for Responsive Politics","source":"http:\/\/www.opensecrets.org\/cmteprofiles\/profiles.php?cmte=HBUD&congno=114","last_updated":"02\/08\/17"},"member":[{"@attributes":{"member_name":"Mooney, Alex","cid":"N00033814","party":"R","state":"West Virginia","total":"15425","indivs":"7925","pacs":"7500"}},{"@attributes":{"member_name":"Garrett, Scott","cid":"N00000743","party":"R","state":"New Jersey","total":"9250","indivs":"1250","pacs":"8000"}},{"@attributes":{"member_name":"Blum, Rod","cid":"N00033744","party":"R","state":"Iowa","total":"8500","indivs":"2500","pacs":"6000"}},{"@attributes":{"member_name":"Black, Diane","cid":"N00031539","party":"R","state":"Tennessee","total":"4305","indivs":"55","pacs":"4250"}},{"@attributes":{"member_name":"Hartzler, Vicky","cid":"N00031005","party":"R","state":"Missouri","total":"3949","indivs":"199","pacs":"3750"}},{"@attributes":{"member_name":"Brat, Dave","cid":"N00036013","party":"R","state":"Virginia","total":"3000","indivs":"2500","pacs":"500"}},{"@attributes":{"member_name":"Stutzman, Marlin","cid":"N00030891","party":"R","state":"Indiana","total":"2675","indivs":"-25","pacs":"2700"}},{"@attributes":{"member_name":"Blackburn, Marsha","cid":"N00003105","party":"R","state":"Tennessee","total":"1100","indivs":"100","pacs":"1000"}},{"@attributes":{"member_name":"Grothman, Glenn S","cid":"N00036409","party":"R","state":"Wisconsin","total":"900","indivs":"150","pacs":"750"}},{"@attributes":{"member_name":"Westerman, Bruce","cid":"N00035527","party":"R","state":"Arkansas","total":"750","indivs":"0","pacs":"750"}},{"@attributes":{"member_name":"Cole, Tom","cid":"N00025726","party":"R","state":"Oklahoma","total":"750","indivs":"0","pacs":"750"}},{"@attributes":{"member_name":"McClintock, Tom","cid":"N00006863","party":"R","state":"California","total":"500","indivs":"0","pacs":"500"}},{"@attributes":{"member_name":"Rokita, Todd","cid":"N00031741","party":"R","state":"Indiana","total":"500","indivs":"0","pacs":"500"}},{"@attributes":{"member_name":"Sanford, Mark","cid":"N00002424","party":"R","state":"South Carolina","total":"500","indivs":"0","pacs":"500"}},{"@attributes":{"member_name":"Moolenaar, John","cid":"N00036275","party":"R","state":"Michigan","total":"500","indivs":"0","pacs":"500"}},{"@attributes":{"member_name":"Palmer, Gary","cid":"N00035691","party":"R","state":"Alabama","total":"500","indivs":"0","pacs":"500"}}]}}}