{"response":{"committee":{"@attributes":{"committee_name":"HBUD","industry":"Pro-Abortion Rights","congno":"114","origin":"Center for Responsive Politics","source":"http:\/\/www.opensecrets.org\/cmteprofiles\/profiles.php?cmte=HBUD&congno=114","last_updated":"02\/08\/17"},"member":[{"@attributes":{"member_name":"Van Hollen, Chris","cid":"N00013820","party":"D","state":"Maryland","total":"55772","indivs":"48272","pacs":"7500"}},{"@attributes":{"member_name":"Grisham, Michelle Lujan","cid":"N00029400","party":"D","state":"New Mexico","total":"25900","indivs":"20900","pacs":"5000"}},{"@attributes":{"member_name":"Yarmuth, John A","cid":"N00028073","party":"D","state":"Kentucky","total":"11100","indivs":"10850","pacs":"250"}},{"@attributes":{"member_name":"Moore, Gwen","cid":"N00026914","party":"D","state":"Wisconsin","total":"7500","indivs":"0","pacs":"7500"}},{"@attributes":{"member_name":"Lee, Barbara","cid":"N00008046","party":"D","state":"California","total":"7144","indivs":"3144","pacs":"4000"}},{"@attributes":{"member_name":"Ryan, Tim","cid":"N00025280","party":"D","state":"Ohio","total":"5000","indivs":"0","pacs":"5000"}},{"@attributes":{"member_name":"Dingell, Debbie","cid":"N00036149","party":"D","state":"Michigan","total":"3500","indivs":"0","pacs":"3500"}},{"@attributes":{"member_name":"Castor, Kathy","cid":"N00027514","party":"D","state":"Florida","total":"2000","indivs":"0","pacs":"2000"}},{"@attributes":{"member_name":"Norcross, Don","cid":"N00036154","party":"D","state":"New Jersey","total":"1500","indivs":"0","pacs":"1500"}}]}}}