{"response":{"committee":{"@attributes":{"committee_name":"HBUD","industry":"TV\/Movies\/Music","congno":"114","origin":"Center for Responsive Politics","source":"http:\/\/www.opensecrets.org\/cmteprofiles\/profiles.php?cmte=HBUD&congno=114","last_updated":"02\/08\/17"},"member":[{"@attributes":{"member_name":"Van Hollen, Chris","cid":"N00013820","party":"D","state":"Maryland","total":"257349","indivs":"233849","pacs":"23500"}},{"@attributes":{"member_name":"Blackburn, Marsha","cid":"N00003105","party":"R","state":"Tennessee","total":"53900","indivs":"13900","pacs":"40000"}},{"@attributes":{"member_name":"Lieu, Ted","cid":"N00035825","party":"D","state":"California","total":"34000","indivs":"23500","pacs":"10500"}},{"@attributes":{"member_name":"Dingell, Debbie","cid":"N00036149","party":"D","state":"Michigan","total":"16900","indivs":"7900","pacs":"9000"}},{"@attributes":{"member_name":"Stutzman, Marlin","cid":"N00030891","party":"R","state":"Indiana","total":"16200","indivs":"16200","pacs":"0"}},{"@attributes":{"member_name":"Moulton, Seth","cid":"N00035431","party":"D","state":"Massachusetts","total":"15500","indivs":"13500","pacs":"2000"}},{"@attributes":{"member_name":"Grisham, Michelle Lujan","cid":"N00029400","party":"D","state":"New Mexico","total":"15150","indivs":"10150","pacs":"5000"}},{"@attributes":{"member_name":"Castor, Kathy","cid":"N00027514","party":"D","state":"Florida","total":"14250","indivs":"250","pacs":"14000"}},{"@attributes":{"member_name":"Yarmuth, John A","cid":"N00028073","party":"D","state":"Kentucky","total":"14250","indivs":"250","pacs":"14000"}},{"@attributes":{"member_name":"Sanford, Mark","cid":"N00002424","party":"R","state":"South Carolina","total":"10800","indivs":"10800","pacs":"0"}},{"@attributes":{"member_name":"Garrett, Scott","cid":"N00000743","party":"R","state":"New Jersey","total":"9185","indivs":"9185","pacs":"0"}},{"@attributes":{"member_name":"Norcross, Don","cid":"N00036154","party":"D","state":"New Jersey","total":"6250","indivs":"6250","pacs":"0"}},{"@attributes":{"member_name":"Black, Diane","cid":"N00031539","party":"R","state":"Tennessee","total":"5000","indivs":"500","pacs":"4500"}},{"@attributes":{"member_name":"Pascrell, Bill Jr","cid":"N00000751","party":"D","state":"New Jersey","total":"5000","indivs":"0","pacs":"5000"}},{"@attributes":{"member_name":"Ryan, Tim","cid":"N00025280","party":"D","state":"Ohio","total":"5000","indivs":"2500","pacs":"2500"}},{"@attributes":{"member_name":"Mooney, Alex","cid":"N00033814","party":"R","state":"West Virginia","total":"4200","indivs":"4200","pacs":"0"}},{"@attributes":{"member_name":"Lee, Barbara","cid":"N00008046","party":"D","state":"California","total":"3550","indivs":"2550","pacs":"1000"}},{"@attributes":{"member_name":"Moolenaar, John","cid":"N00036275","party":"R","state":"Michigan","total":"2700","indivs":"2700","pacs":"0"}},{"@attributes":{"member_name":"Blum, Rod","cid":"N00033744","party":"R","state":"Iowa","total":"2500","indivs":"0","pacs":"2500"}},{"@attributes":{"member_name":"Rokita, Todd","cid":"N00031741","party":"R","state":"Indiana","total":"2500","indivs":"500","pacs":"2000"}},{"@attributes":{"member_name":"McDermott, Jim","cid":"N00009829","party":"D","state":"Washington","total":"2000","indivs":"2000","pacs":"0"}},{"@attributes":{"member_name":"Rice, Tom","cid":"N00033832","party":"R","state":"South Carolina","total":"1250","indivs":"250","pacs":"1000"}},{"@attributes":{"member_name":"Moore, Gwen","cid":"N00026914","party":"D","state":"Wisconsin","total":"1003","indivs":"3","pacs":"1000"}},{"@attributes":{"member_name":"Brat, Dave","cid":"N00036013","party":"R","state":"Virginia","total":"1000","indivs":"1000","pacs":"0"}},{"@attributes":{"member_name":"Pocan, Mark","cid":"N00033549","party":"D","state":"Wisconsin","total":"1000","indivs":"0","pacs":"1000"}},{"@attributes":{"member_name":"Westerman, Bruce","cid":"N00035527","party":"R","state":"Arkansas","total":"500","indivs":"500","pacs":"0"}},{"@attributes":{"member_name":"Hartzler, Vicky","cid":"N00031005","party":"R","state":"Missouri","total":"500","indivs":"500","pacs":"0"}},{"@attributes":{"member_name":"Woodall, Rob","cid":"N00032416","party":"R","state":"Georgia","total":"500","indivs":"0","pacs":"500"}},{"@attributes":{"member_name":"Grothman, Glenn S","cid":"N00036409","party":"R","state":"Wisconsin","total":"250","indivs":"250","pacs":"0"}}]}}}