{"response":{"committee":{"@attributes":{"committee_name":"HEDU","industry":"Automotive","congno":"114","origin":"Center for Responsive Politics","source":"http:\/\/www.opensecrets.org\/cmteprofiles\/profiles.php?cmte=HEDU&congno=114","last_updated":"02\/08\/17"},"member":[{"@attributes":{"member_name":"Heck, Joe","cid":"N00031244","party":"R","state":"Nevada","total":"102031","indivs":"73531","pacs":"28500"}},{"@attributes":{"member_name":"Walberg, Tim","cid":"N00026368","party":"R","state":"Michigan","total":"84595","indivs":"36100","pacs":"48495"}},{"@attributes":{"member_name":"Bishop, Mike","cid":"N00036449","party":"R","state":"Michigan","total":"66050","indivs":"31050","pacs":"35000"}},{"@attributes":{"member_name":"Curbelo, Carlos","cid":"N00035403","party":"R","state":"Florida","total":"44545","indivs":"17050","pacs":"27495"}},{"@attributes":{"member_name":"Guthrie, Brett","cid":"N00029675","party":"R","state":"Kentucky","total":"32500","indivs":"0","pacs":"32500"}},{"@attributes":{"member_name":"Byrne, Bradley","cid":"N00035380","party":"R","state":"Alabama","total":"32050","indivs":"16550","pacs":"15500"}},{"@attributes":{"member_name":"Wilson, Joe","cid":"N00024809","party":"R","state":"South Carolina","total":"28500","indivs":"8000","pacs":"20500"}},{"@attributes":{"member_name":"Stefanik, Elise","cid":"N00035523","party":"R","state":"New York","total":"27250","indivs":"9250","pacs":"18000"}},{"@attributes":{"member_name":"Brat, Dave","cid":"N00036013","party":"R","state":"Virginia","total":"24300","indivs":"8300","pacs":"16000"}},{"@attributes":{"member_name":"Allen, Richard W","cid":"N00033720","party":"R","state":"Georgia","total":"22750","indivs":"10250","pacs":"12500"}},{"@attributes":{"member_name":"Foxx, Virginia","cid":"N00026166","party":"R","state":"North Carolina","total":"21900","indivs":"5400","pacs":"16500"}},{"@attributes":{"member_name":"Carter, Buddy","cid":"N00035346","party":"R","state":"Georgia","total":"20100","indivs":"7100","pacs":"13000"}},{"@attributes":{"member_name":"Rokita, Todd","cid":"N00031741","party":"R","state":"Indiana","total":"17900","indivs":"6400","pacs":"11500"}},{"@attributes":{"member_name":"Messer, Luke","cid":"N00012546","party":"R","state":"Indiana","total":"17500","indivs":"1000","pacs":"16500"}},{"@attributes":{"member_name":"Barletta, Lou","cid":"N00025495","party":"R","state":"Pennsylvania","total":"17266","indivs":"6266","pacs":"11000"}},{"@attributes":{"member_name":"Thompson, Glenn","cid":"N00029736","party":"R","state":"Pennsylvania","total":"16750","indivs":"4750","pacs":"12000"}},{"@attributes":{"member_name":"Fudge, Marcia L","cid":"N00030490","party":"D","state":"Ohio","total":"13500","indivs":"0","pacs":"13500"}},{"@attributes":{"member_name":"Jeffries, Hakeem","cid":"N00033640","party":"D","state":"New York","total":"13000","indivs":"500","pacs":"12500"}},{"@attributes":{"member_name":"Grothman, Glenn S","cid":"N00036409","party":"R","state":"Wisconsin","total":"12000","indivs":"3000","pacs":"9000"}},{"@attributes":{"member_name":"Hunter, Duncan D","cid":"N00029258","party":"R","state":"California","total":"11000","indivs":"1000","pacs":"10000"}},{"@attributes":{"member_name":"Adams, Alma","cid":"N00035451","party":"D","state":"North Carolina","total":"10000","indivs":"0","pacs":"10000"}},{"@attributes":{"member_name":"Salmon, Matt","cid":"N00006446","party":"R","state":"Arizona","total":"8700","indivs":"2700","pacs":"6000"}},{"@attributes":{"member_name":"Courtney, Joe","cid":"N00024842","party":"D","state":"Connecticut","total":"7950","indivs":"450","pacs":"7500"}},{"@attributes":{"member_name":"Russell, Steven","cid":"N00036175","party":"R","state":"Oklahoma","total":"5000","indivs":"1000","pacs":"4000"}},{"@attributes":{"member_name":"Clark, Katherine","cid":"N00035278","party":"D","state":"Massachusetts","total":"4500","indivs":"1000","pacs":"3500"}},{"@attributes":{"member_name":"Desaulnier, Mark","cid":"N00030709","party":"D","state":"California","total":"3500","indivs":"0","pacs":"3500"}},{"@attributes":{"member_name":"Bonamici, Suzanne","cid":"N00033474","party":"D","state":"Oregon","total":"3500","indivs":"0","pacs":"3500"}},{"@attributes":{"member_name":"Scott, Bobby","cid":"N00002147","party":"D","state":"Virginia","total":"3500","indivs":"0","pacs":"3500"}},{"@attributes":{"member_name":"Takano, Mark","cid":"N00006701","party":"D","state":"California","total":"3250","indivs":"250","pacs":"3000"}},{"@attributes":{"member_name":"Wilson, Frederica","cid":"N00030650","party":"D","state":"Florida","total":"3000","indivs":"0","pacs":"3000"}},{"@attributes":{"member_name":"Hinojosa, Ruben","cid":"N00006008","party":"D","state":"Texas","total":"2500","indivs":"0","pacs":"2500"}},{"@attributes":{"member_name":"Davis, Susan A","cid":"N00009604","party":"D","state":"California","total":"2500","indivs":"0","pacs":"2500"}},{"@attributes":{"member_name":"Kline, John","cid":"N00004436","party":"R","state":"Minnesota","total":"2000","indivs":"2000","pacs":"0"}},{"@attributes":{"member_name":"Pocan, Mark","cid":"N00033549","party":"D","state":"Wisconsin","total":"1000","indivs":"0","pacs":"1000"}},{"@attributes":{"member_name":"Grijalva, Raul M","cid":"N00025284","party":"D","state":"Arizona","total":"5","indivs":"5","pacs":"0"}}]}}}