{"response":{"committee":{"@attributes":{"committee_name":"HEDU","industry":"Commercial Banks","congno":"114","origin":"Center for Responsive Politics","source":"http:\/\/www.opensecrets.org\/cmteprofiles\/profiles.php?cmte=HEDU&congno=114","last_updated":"02\/08\/17"},"member":[{"@attributes":{"member_name":"Heck, Joe","cid":"N00031244","party":"R","state":"Nevada","total":"112339","indivs":"62539","pacs":"49800"}},{"@attributes":{"member_name":"Messer, Luke","cid":"N00012546","party":"R","state":"Indiana","total":"89300","indivs":"17100","pacs":"72200"}},{"@attributes":{"member_name":"Curbelo, Carlos","cid":"N00035403","party":"R","state":"Florida","total":"45650","indivs":"8150","pacs":"37500"}},{"@attributes":{"member_name":"Stefanik, Elise","cid":"N00035523","party":"R","state":"New York","total":"45250","indivs":"7250","pacs":"38000"}},{"@attributes":{"member_name":"Russell, Steven","cid":"N00036175","party":"R","state":"Oklahoma","total":"38950","indivs":"32200","pacs":"6750"}},{"@attributes":{"member_name":"Foxx, Virginia","cid":"N00026166","party":"R","state":"North Carolina","total":"36400","indivs":"6900","pacs":"29500"}},{"@attributes":{"member_name":"Byrne, Bradley","cid":"N00035380","party":"R","state":"Alabama","total":"35800","indivs":"5800","pacs":"30000"}},{"@attributes":{"member_name":"Walberg, Tim","cid":"N00026368","party":"R","state":"Michigan","total":"28950","indivs":"11450","pacs":"17500"}},{"@attributes":{"member_name":"Guthrie, Brett","cid":"N00029675","party":"R","state":"Kentucky","total":"18000","indivs":"2000","pacs":"16000"}},{"@attributes":{"member_name":"Barletta, Lou","cid":"N00025495","party":"R","state":"Pennsylvania","total":"18000","indivs":"450","pacs":"17550"}},{"@attributes":{"member_name":"Allen, Richard W","cid":"N00033720","party":"R","state":"Georgia","total":"16600","indivs":"2100","pacs":"14500"}},{"@attributes":{"member_name":"Wilson, Joe","cid":"N00024809","party":"R","state":"South Carolina","total":"16250","indivs":"1750","pacs":"14500"}},{"@attributes":{"member_name":"Bishop, Mike","cid":"N00036449","party":"R","state":"Michigan","total":"16000","indivs":"0","pacs":"16000"}},{"@attributes":{"member_name":"Rokita, Todd","cid":"N00031741","party":"R","state":"Indiana","total":"15950","indivs":"7700","pacs":"8250"}},{"@attributes":{"member_name":"Adams, Alma","cid":"N00035451","party":"D","state":"North Carolina","total":"15950","indivs":"2450","pacs":"13500"}},{"@attributes":{"member_name":"Thompson, Glenn","cid":"N00029736","party":"R","state":"Pennsylvania","total":"15650","indivs":"1650","pacs":"14000"}},{"@attributes":{"member_name":"Carter, Buddy","cid":"N00035346","party":"R","state":"Georgia","total":"13500","indivs":"1000","pacs":"12500"}},{"@attributes":{"member_name":"Jeffries, Hakeem","cid":"N00033640","party":"D","state":"New York","total":"12800","indivs":"800","pacs":"12000"}},{"@attributes":{"member_name":"Pocan, Mark","cid":"N00033549","party":"D","state":"Wisconsin","total":"11500","indivs":"500","pacs":"11000"}},{"@attributes":{"member_name":"Fudge, Marcia L","cid":"N00030490","party":"D","state":"Ohio","total":"11500","indivs":"0","pacs":"11500"}},{"@attributes":{"member_name":"Wilson, Frederica","cid":"N00030650","party":"D","state":"Florida","total":"11000","indivs":"0","pacs":"11000"}},{"@attributes":{"member_name":"Grothman, Glenn S","cid":"N00036409","party":"R","state":"Wisconsin","total":"9730","indivs":"4730","pacs":"5000"}},{"@attributes":{"member_name":"Hunter, Duncan D","cid":"N00029258","party":"R","state":"California","total":"7000","indivs":"0","pacs":"7000"}},{"@attributes":{"member_name":"Roe, Phil","cid":"N00028463","party":"R","state":"Tennessee","total":"6900","indivs":"6900","pacs":"0"}},{"@attributes":{"member_name":"Kline, John","cid":"N00004436","party":"R","state":"Minnesota","total":"6750","indivs":"250","pacs":"6500"}},{"@attributes":{"member_name":"Scott, Bobby","cid":"N00002147","party":"D","state":"Virginia","total":"6000","indivs":"0","pacs":"6000"}},{"@attributes":{"member_name":"Brat, Dave","cid":"N00036013","party":"R","state":"Virginia","total":"6000","indivs":"2500","pacs":"3500"}},{"@attributes":{"member_name":"Courtney, Joe","cid":"N00024842","party":"D","state":"Connecticut","total":"5200","indivs":"1950","pacs":"3250"}},{"@attributes":{"member_name":"Takano, Mark","cid":"N00006701","party":"D","state":"California","total":"3600","indivs":"3600","pacs":"0"}},{"@attributes":{"member_name":"Salmon, Matt","cid":"N00006446","party":"R","state":"Arizona","total":"2500","indivs":"1500","pacs":"1000"}},{"@attributes":{"member_name":"Desaulnier, Mark","cid":"N00030709","party":"D","state":"California","total":"2250","indivs":"1250","pacs":"1000"}},{"@attributes":{"member_name":"Clark, Katherine","cid":"N00035278","party":"D","state":"Massachusetts","total":"1000","indivs":"1000","pacs":"0"}},{"@attributes":{"member_name":"Grijalva, Raul M","cid":"N00025284","party":"D","state":"Arizona","total":"1000","indivs":"0","pacs":"1000"}},{"@attributes":{"member_name":"Bonamici, Suzanne","cid":"N00033474","party":"D","state":"Oregon","total":"751","indivs":"751","pacs":"0"}},{"@attributes":{"member_name":"Polis, Jared","cid":"N00029127","party":"D","state":"Colorado","total":"-500","indivs":"500","pacs":"-1000"}}]}}}