{"response":{"committee":{"@attributes":{"committee_name":"HEDU","industry":"Pharm\/Health Prod","congno":"114","origin":"Center for Responsive Politics","source":"http:\/\/www.opensecrets.org\/cmteprofiles\/profiles.php?cmte=HEDU&congno=114","last_updated":"02\/08\/17"},"member":[{"@attributes":{"member_name":"Guthrie, Brett","cid":"N00029675","party":"R","state":"Kentucky","total":"210981","indivs":"5350","pacs":"205631"}},{"@attributes":{"member_name":"Clark, Katherine","cid":"N00035278","party":"D","state":"Massachusetts","total":"98950","indivs":"10950","pacs":"88000"}},{"@attributes":{"member_name":"Heck, Joe","cid":"N00031244","party":"R","state":"Nevada","total":"57900","indivs":"33400","pacs":"24500"}},{"@attributes":{"member_name":"Messer, Luke","cid":"N00012546","party":"R","state":"Indiana","total":"56150","indivs":"10000","pacs":"46150"}},{"@attributes":{"member_name":"Carter, Buddy","cid":"N00035346","party":"R","state":"Georgia","total":"52800","indivs":"9900","pacs":"42900"}},{"@attributes":{"member_name":"Stefanik, Elise","cid":"N00035523","party":"R","state":"New York","total":"40253","indivs":"8083","pacs":"32170"}},{"@attributes":{"member_name":"Courtney, Joe","cid":"N00024842","party":"D","state":"Connecticut","total":"36900","indivs":"8000","pacs":"28900"}},{"@attributes":{"member_name":"Bishop, Mike","cid":"N00036449","party":"R","state":"Michigan","total":"27000","indivs":"3500","pacs":"23500"}},{"@attributes":{"member_name":"Curbelo, Carlos","cid":"N00035403","party":"R","state":"Florida","total":"23975","indivs":"2975","pacs":"21000"}},{"@attributes":{"member_name":"Rokita, Todd","cid":"N00031741","party":"R","state":"Indiana","total":"23500","indivs":"6000","pacs":"17500"}},{"@attributes":{"member_name":"Bonamici, Suzanne","cid":"N00033474","party":"D","state":"Oregon","total":"21200","indivs":"3700","pacs":"17500"}},{"@attributes":{"member_name":"Foxx, Virginia","cid":"N00026166","party":"R","state":"North Carolina","total":"20450","indivs":"13450","pacs":"7000"}},{"@attributes":{"member_name":"Fudge, Marcia L","cid":"N00030490","party":"D","state":"Ohio","total":"17000","indivs":"0","pacs":"17000"}},{"@attributes":{"member_name":"Barletta, Lou","cid":"N00025495","party":"R","state":"Pennsylvania","total":"14250","indivs":"1250","pacs":"13000"}},{"@attributes":{"member_name":"Thompson, Glenn","cid":"N00029736","party":"R","state":"Pennsylvania","total":"14000","indivs":"5000","pacs":"9000"}},{"@attributes":{"member_name":"Kline, John","cid":"N00004436","party":"R","state":"Minnesota","total":"13900","indivs":"6400","pacs":"7500"}},{"@attributes":{"member_name":"Pocan, Mark","cid":"N00033549","party":"D","state":"Wisconsin","total":"13509","indivs":"4009","pacs":"9500"}},{"@attributes":{"member_name":"Adams, Alma","cid":"N00035451","party":"D","state":"North Carolina","total":"10000","indivs":"0","pacs":"10000"}},{"@attributes":{"member_name":"Davis, Susan A","cid":"N00009604","party":"D","state":"California","total":"9700","indivs":"2700","pacs":"7000"}},{"@attributes":{"member_name":"Salmon, Matt","cid":"N00006446","party":"R","state":"Arizona","total":"9500","indivs":"1500","pacs":"8000"}},{"@attributes":{"member_name":"Walberg, Tim","cid":"N00026368","party":"R","state":"Michigan","total":"8600","indivs":"6000","pacs":"2600"}},{"@attributes":{"member_name":"Grothman, Glenn S","cid":"N00036409","party":"R","state":"Wisconsin","total":"7000","indivs":"4500","pacs":"2500"}},{"@attributes":{"member_name":"Allen, Richard W","cid":"N00033720","party":"R","state":"Georgia","total":"6350","indivs":"1350","pacs":"5000"}},{"@attributes":{"member_name":"Jeffries, Hakeem","cid":"N00033640","party":"D","state":"New York","total":"6250","indivs":"750","pacs":"5500"}},{"@attributes":{"member_name":"Hunter, Duncan D","cid":"N00029258","party":"R","state":"California","total":"5950","indivs":"450","pacs":"5500"}},{"@attributes":{"member_name":"Byrne, Bradley","cid":"N00035380","party":"R","state":"Alabama","total":"5300","indivs":"300","pacs":"5000"}},{"@attributes":{"member_name":"Takano, Mark","cid":"N00006701","party":"D","state":"California","total":"4010","indivs":"1510","pacs":"2500"}},{"@attributes":{"member_name":"Roe, Phil","cid":"N00028463","party":"R","state":"Tennessee","total":"3750","indivs":"250","pacs":"3500"}},{"@attributes":{"member_name":"Wilson, Joe","cid":"N00024809","party":"R","state":"South Carolina","total":"3000","indivs":"0","pacs":"3000"}},{"@attributes":{"member_name":"Polis, Jared","cid":"N00029127","party":"D","state":"Colorado","total":"2178","indivs":"0","pacs":"2178"}},{"@attributes":{"member_name":"Wilson, Frederica","cid":"N00030650","party":"D","state":"Florida","total":"2000","indivs":"500","pacs":"1500"}},{"@attributes":{"member_name":"Brat, Dave","cid":"N00036013","party":"R","state":"Virginia","total":"1500","indivs":"1500","pacs":"0"}},{"@attributes":{"member_name":"Desaulnier, Mark","cid":"N00030709","party":"D","state":"California","total":"500","indivs":"0","pacs":"500"}},{"@attributes":{"member_name":"Grijalva, Raul M","cid":"N00025284","party":"D","state":"Arizona","total":"10","indivs":"10","pacs":"0"}}]}}}