{"response":{"committee":{"@attributes":{"committee_name":"HEDU","industry":"Food & Beverage","congno":"114","origin":"Center for Responsive Politics","source":"http:\/\/www.opensecrets.org\/cmteprofiles\/profiles.php?cmte=HEDU&congno=114","last_updated":"02\/08\/17"},"member":[{"@attributes":{"member_name":"Heck, Joe","cid":"N00031244","party":"R","state":"Nevada","total":"128876","indivs":"46676","pacs":"82200"}},{"@attributes":{"member_name":"Curbelo, Carlos","cid":"N00035403","party":"R","state":"Florida","total":"74000","indivs":"23500","pacs":"50500"}},{"@attributes":{"member_name":"Walberg, Tim","cid":"N00026368","party":"R","state":"Michigan","total":"55600","indivs":"16100","pacs":"39500"}},{"@attributes":{"member_name":"Foxx, Virginia","cid":"N00026166","party":"R","state":"North Carolina","total":"39250","indivs":"3250","pacs":"36000"}},{"@attributes":{"member_name":"Allen, Richard W","cid":"N00033720","party":"R","state":"Georgia","total":"33850","indivs":"6350","pacs":"27500"}},{"@attributes":{"member_name":"Stefanik, Elise","cid":"N00035523","party":"R","state":"New York","total":"33200","indivs":"4700","pacs":"28500"}},{"@attributes":{"member_name":"Messer, Luke","cid":"N00012546","party":"R","state":"Indiana","total":"27000","indivs":"500","pacs":"26500"}},{"@attributes":{"member_name":"Byrne, Bradley","cid":"N00035380","party":"R","state":"Alabama","total":"25250","indivs":"7750","pacs":"17500"}},{"@attributes":{"member_name":"Fudge, Marcia L","cid":"N00030490","party":"D","state":"Ohio","total":"23500","indivs":"500","pacs":"23000"}},{"@attributes":{"member_name":"Russell, Steven","cid":"N00036175","party":"R","state":"Oklahoma","total":"19850","indivs":"8350","pacs":"11500"}},{"@attributes":{"member_name":"Carter, Buddy","cid":"N00035346","party":"R","state":"Georgia","total":"19250","indivs":"2750","pacs":"16500"}},{"@attributes":{"member_name":"Wilson, Joe","cid":"N00024809","party":"R","state":"South Carolina","total":"19075","indivs":"6575","pacs":"12500"}},{"@attributes":{"member_name":"Bishop, Mike","cid":"N00036449","party":"R","state":"Michigan","total":"16500","indivs":"0","pacs":"16500"}},{"@attributes":{"member_name":"Guthrie, Brett","cid":"N00029675","party":"R","state":"Kentucky","total":"13500","indivs":"2000","pacs":"11500"}},{"@attributes":{"member_name":"Barletta, Lou","cid":"N00025495","party":"R","state":"Pennsylvania","total":"12150","indivs":"8150","pacs":"4000"}},{"@attributes":{"member_name":"Kline, John","cid":"N00004436","party":"R","state":"Minnesota","total":"12000","indivs":"500","pacs":"11500"}},{"@attributes":{"member_name":"Rokita, Todd","cid":"N00031741","party":"R","state":"Indiana","total":"8375","indivs":"1875","pacs":"6500"}},{"@attributes":{"member_name":"Grothman, Glenn S","cid":"N00036409","party":"R","state":"Wisconsin","total":"5750","indivs":"2250","pacs":"3500"}},{"@attributes":{"member_name":"Adams, Alma","cid":"N00035451","party":"D","state":"North Carolina","total":"5500","indivs":"0","pacs":"5500"}},{"@attributes":{"member_name":"Thompson, Glenn","cid":"N00029736","party":"R","state":"Pennsylvania","total":"5350","indivs":"3350","pacs":"2000"}},{"@attributes":{"member_name":"Hunter, Duncan D","cid":"N00029258","party":"R","state":"California","total":"5000","indivs":"0","pacs":"5000"}},{"@attributes":{"member_name":"Jeffries, Hakeem","cid":"N00033640","party":"D","state":"New York","total":"5000","indivs":"3500","pacs":"1500"}},{"@attributes":{"member_name":"Roe, Phil","cid":"N00028463","party":"R","state":"Tennessee","total":"4500","indivs":"4500","pacs":"0"}},{"@attributes":{"member_name":"Wilson, Frederica","cid":"N00030650","party":"D","state":"Florida","total":"4000","indivs":"0","pacs":"4000"}},{"@attributes":{"member_name":"Takano, Mark","cid":"N00006701","party":"D","state":"California","total":"3990","indivs":"1490","pacs":"2500"}},{"@attributes":{"member_name":"Clark, Katherine","cid":"N00035278","party":"D","state":"Massachusetts","total":"3200","indivs":"3200","pacs":"0"}},{"@attributes":{"member_name":"Grijalva, Raul M","cid":"N00025284","party":"D","state":"Arizona","total":"2751","indivs":"251","pacs":"2500"}},{"@attributes":{"member_name":"Pocan, Mark","cid":"N00033549","party":"D","state":"Wisconsin","total":"2500","indivs":"1500","pacs":"1000"}},{"@attributes":{"member_name":"Brat, Dave","cid":"N00036013","party":"R","state":"Virginia","total":"1650","indivs":"1650","pacs":"0"}},{"@attributes":{"member_name":"Scott, Bobby","cid":"N00002147","party":"D","state":"Virginia","total":"1000","indivs":"0","pacs":"1000"}},{"@attributes":{"member_name":"Courtney, Joe","cid":"N00024842","party":"D","state":"Connecticut","total":"1000","indivs":"1000","pacs":"0"}},{"@attributes":{"member_name":"Bonamici, Suzanne","cid":"N00033474","party":"D","state":"Oregon","total":"1000","indivs":"500","pacs":"500"}},{"@attributes":{"member_name":"Polis, Jared","cid":"N00029127","party":"D","state":"Colorado","total":"1000","indivs":"0","pacs":"1000"}}]}}}