{"response":{"committee":{"@attributes":{"committee_name":"HEDU","industry":"Casinos\/Gambling","congno":"114","origin":"Center for Responsive Politics","source":"http:\/\/www.opensecrets.org\/cmteprofiles\/profiles.php?cmte=HEDU&congno=114","last_updated":"02\/08\/17"},"member":[{"@attributes":{"member_name":"Heck, Joe","cid":"N00031244","party":"R","state":"Nevada","total":"280650","indivs":"235150","pacs":"45500"}},{"@attributes":{"member_name":"Rokita, Todd","cid":"N00031741","party":"R","state":"Indiana","total":"91225","indivs":"83725","pacs":"7500"}},{"@attributes":{"member_name":"Messer, Luke","cid":"N00012546","party":"R","state":"Indiana","total":"32700","indivs":"22700","pacs":"10000"}},{"@attributes":{"member_name":"Courtney, Joe","cid":"N00024842","party":"D","state":"Connecticut","total":"29350","indivs":"29350","pacs":"0"}},{"@attributes":{"member_name":"Kline, John","cid":"N00004436","party":"R","state":"Minnesota","total":"25800","indivs":"25800","pacs":"0"}},{"@attributes":{"member_name":"Grijalva, Raul M","cid":"N00025284","party":"D","state":"Arizona","total":"16400","indivs":"16400","pacs":"0"}},{"@attributes":{"member_name":"Hunter, Duncan D","cid":"N00029258","party":"R","state":"California","total":"15800","indivs":"15800","pacs":"0"}},{"@attributes":{"member_name":"Bishop, Mike","cid":"N00036449","party":"R","state":"Michigan","total":"15150","indivs":"9900","pacs":"5250"}},{"@attributes":{"member_name":"Stefanik, Elise","cid":"N00035523","party":"R","state":"New York","total":"14800","indivs":"14800","pacs":"0"}},{"@attributes":{"member_name":"Polis, Jared","cid":"N00029127","party":"D","state":"Colorado","total":"11000","indivs":"11000","pacs":"0"}},{"@attributes":{"member_name":"Guthrie, Brett","cid":"N00029675","party":"R","state":"Kentucky","total":"11000","indivs":"1000","pacs":"10000"}},{"@attributes":{"member_name":"Curbelo, Carlos","cid":"N00035403","party":"R","state":"Florida","total":"10100","indivs":"10100","pacs":"0"}},{"@attributes":{"member_name":"Fudge, Marcia L","cid":"N00030490","party":"D","state":"Ohio","total":"9000","indivs":"0","pacs":"9000"}},{"@attributes":{"member_name":"Byrne, Bradley","cid":"N00035380","party":"R","state":"Alabama","total":"8900","indivs":"8900","pacs":"0"}},{"@attributes":{"member_name":"Russell, Steven","cid":"N00036175","party":"R","state":"Oklahoma","total":"8100","indivs":"8100","pacs":"0"}},{"@attributes":{"member_name":"Pocan, Mark","cid":"N00033549","party":"D","state":"Wisconsin","total":"8100","indivs":"8100","pacs":"0"}},{"@attributes":{"member_name":"Bonamici, Suzanne","cid":"N00033474","party":"D","state":"Oregon","total":"7150","indivs":"7150","pacs":"0"}},{"@attributes":{"member_name":"Wilson, Frederica","cid":"N00030650","party":"D","state":"Florida","total":"6200","indivs":"6200","pacs":"0"}},{"@attributes":{"member_name":"Walberg, Tim","cid":"N00026368","party":"R","state":"Michigan","total":"6000","indivs":"1000","pacs":"5000"}},{"@attributes":{"member_name":"Foxx, Virginia","cid":"N00026166","party":"R","state":"North Carolina","total":"3200","indivs":"3200","pacs":"0"}},{"@attributes":{"member_name":"Salmon, Matt","cid":"N00006446","party":"R","state":"Arizona","total":"2700","indivs":"2700","pacs":"0"}},{"@attributes":{"member_name":"Desaulnier, Mark","cid":"N00030709","party":"D","state":"California","total":"2700","indivs":"2700","pacs":"0"}},{"@attributes":{"member_name":"Takano, Mark","cid":"N00006701","party":"D","state":"California","total":"1000","indivs":"1000","pacs":"0"}}]}}}