{"response":{"committee":{"@attributes":{"committee_name":"HEDU","industry":"Recreation","congno":"114","origin":"Center for Responsive Politics","source":"http:\/\/www.opensecrets.org\/cmteprofiles\/profiles.php?cmte=HEDU&congno=114","last_updated":"02\/08\/17"},"member":[{"@attributes":{"member_name":"Heck, Joe","cid":"N00031244","party":"R","state":"Nevada","total":"127875","indivs":"115475","pacs":"12400"}},{"@attributes":{"member_name":"Bishop, Mike","cid":"N00036449","party":"R","state":"Michigan","total":"14300","indivs":"10800","pacs":"3500"}},{"@attributes":{"member_name":"Messer, Luke","cid":"N00012546","party":"R","state":"Indiana","total":"13900","indivs":"8900","pacs":"5000"}},{"@attributes":{"member_name":"Davis, Susan A","cid":"N00009604","party":"D","state":"California","total":"7500","indivs":"0","pacs":"7500"}},{"@attributes":{"member_name":"Walberg, Tim","cid":"N00026368","party":"R","state":"Michigan","total":"6400","indivs":"5400","pacs":"1000"}},{"@attributes":{"member_name":"Foxx, Virginia","cid":"N00026166","party":"R","state":"North Carolina","total":"5000","indivs":"0","pacs":"5000"}},{"@attributes":{"member_name":"Stefanik, Elise","cid":"N00035523","party":"R","state":"New York","total":"4533","indivs":"3533","pacs":"1000"}},{"@attributes":{"member_name":"Hunter, Duncan D","cid":"N00029258","party":"R","state":"California","total":"4500","indivs":"0","pacs":"4500"}},{"@attributes":{"member_name":"Scott, Bobby","cid":"N00002147","party":"D","state":"Virginia","total":"4500","indivs":"0","pacs":"4500"}},{"@attributes":{"member_name":"Guthrie, Brett","cid":"N00029675","party":"R","state":"Kentucky","total":"3500","indivs":"0","pacs":"3500"}},{"@attributes":{"member_name":"Allen, Richard W","cid":"N00033720","party":"R","state":"Georgia","total":"3100","indivs":"3100","pacs":"0"}},{"@attributes":{"member_name":"Jeffries, Hakeem","cid":"N00033640","party":"D","state":"New York","total":"3000","indivs":"500","pacs":"2500"}},{"@attributes":{"member_name":"Pocan, Mark","cid":"N00033549","party":"D","state":"Wisconsin","total":"2700","indivs":"2700","pacs":"0"}},{"@attributes":{"member_name":"Carter, Buddy","cid":"N00035346","party":"R","state":"Georgia","total":"2700","indivs":"2700","pacs":"0"}},{"@attributes":{"member_name":"Fudge, Marcia L","cid":"N00030490","party":"D","state":"Ohio","total":"2500","indivs":"0","pacs":"2500"}},{"@attributes":{"member_name":"Wilson, Frederica","cid":"N00030650","party":"D","state":"Florida","total":"2500","indivs":"0","pacs":"2500"}},{"@attributes":{"member_name":"Adams, Alma","cid":"N00035451","party":"D","state":"North Carolina","total":"2500","indivs":"0","pacs":"2500"}},{"@attributes":{"member_name":"Byrne, Bradley","cid":"N00035380","party":"R","state":"Alabama","total":"2125","indivs":"625","pacs":"1500"}},{"@attributes":{"member_name":"Grothman, Glenn S","cid":"N00036409","party":"R","state":"Wisconsin","total":"2000","indivs":"1000","pacs":"1000"}},{"@attributes":{"member_name":"Bonamici, Suzanne","cid":"N00033474","party":"D","state":"Oregon","total":"1000","indivs":"0","pacs":"1000"}},{"@attributes":{"member_name":"Roe, Phil","cid":"N00028463","party":"R","state":"Tennessee","total":"1000","indivs":"1000","pacs":"0"}},{"@attributes":{"member_name":"Desaulnier, Mark","cid":"N00030709","party":"D","state":"California","total":"1000","indivs":"0","pacs":"1000"}}]}}}