{"response":{"committee":{"@attributes":{"committee_name":"HEDU","industry":"Oil & Gas","congno":"114","origin":"Center for Responsive Politics","source":"http:\/\/www.opensecrets.org\/cmteprofiles\/profiles.php?cmte=HEDU&congno=114","last_updated":"02\/08\/17"},"member":[{"@attributes":{"member_name":"Heck, Joe","cid":"N00031244","party":"R","state":"Nevada","total":"289898","indivs":"120232","pacs":"169666"}},{"@attributes":{"member_name":"Thompson, Glenn","cid":"N00029736","party":"R","state":"Pennsylvania","total":"75300","indivs":"31100","pacs":"44200"}},{"@attributes":{"member_name":"Russell, Steven","cid":"N00036175","party":"R","state":"Oklahoma","total":"71850","indivs":"28850","pacs":"43000"}},{"@attributes":{"member_name":"Guthrie, Brett","cid":"N00029675","party":"R","state":"Kentucky","total":"61000","indivs":"1000","pacs":"60000"}},{"@attributes":{"member_name":"Curbelo, Carlos","cid":"N00035403","party":"R","state":"Florida","total":"55900","indivs":"15900","pacs":"40000"}},{"@attributes":{"member_name":"Stefanik, Elise","cid":"N00035523","party":"R","state":"New York","total":"55675","indivs":"8175","pacs":"47500"}},{"@attributes":{"member_name":"Walberg, Tim","cid":"N00026368","party":"R","state":"Michigan","total":"43700","indivs":"5700","pacs":"38000"}},{"@attributes":{"member_name":"Messer, Luke","cid":"N00012546","party":"R","state":"Indiana","total":"42250","indivs":"2750","pacs":"39500"}},{"@attributes":{"member_name":"Barletta, Lou","cid":"N00025495","party":"R","state":"Pennsylvania","total":"36800","indivs":"1300","pacs":"35500"}},{"@attributes":{"member_name":"Byrne, Bradley","cid":"N00035380","party":"R","state":"Alabama","total":"34450","indivs":"2950","pacs":"31500"}},{"@attributes":{"member_name":"Rokita, Todd","cid":"N00031741","party":"R","state":"Indiana","total":"25600","indivs":"10600","pacs":"15000"}},{"@attributes":{"member_name":"Hunter, Duncan D","cid":"N00029258","party":"R","state":"California","total":"23300","indivs":"11800","pacs":"11500"}},{"@attributes":{"member_name":"Grothman, Glenn S","cid":"N00036409","party":"R","state":"Wisconsin","total":"22975","indivs":"8475","pacs":"14500"}},{"@attributes":{"member_name":"Bishop, Mike","cid":"N00036449","party":"R","state":"Michigan","total":"19900","indivs":"2900","pacs":"17000"}},{"@attributes":{"member_name":"Foxx, Virginia","cid":"N00026166","party":"R","state":"North Carolina","total":"19000","indivs":"0","pacs":"19000"}},{"@attributes":{"member_name":"Salmon, Matt","cid":"N00006446","party":"R","state":"Arizona","total":"16600","indivs":"8100","pacs":"8500"}},{"@attributes":{"member_name":"Wilson, Joe","cid":"N00024809","party":"R","state":"South Carolina","total":"15000","indivs":"1000","pacs":"14000"}},{"@attributes":{"member_name":"Carter, Buddy","cid":"N00035346","party":"R","state":"Georgia","total":"13400","indivs":"5400","pacs":"8000"}},{"@attributes":{"member_name":"Brat, Dave","cid":"N00036013","party":"R","state":"Virginia","total":"12400","indivs":"5400","pacs":"7000"}},{"@attributes":{"member_name":"Allen, Richard W","cid":"N00033720","party":"R","state":"Georgia","total":"11400","indivs":"6400","pacs":"5000"}},{"@attributes":{"member_name":"Bonamici, Suzanne","cid":"N00033474","party":"D","state":"Oregon","total":"8150","indivs":"5650","pacs":"2500"}},{"@attributes":{"member_name":"Clark, Katherine","cid":"N00035278","party":"D","state":"Massachusetts","total":"7503","indivs":"2503","pacs":"5000"}},{"@attributes":{"member_name":"Polis, Jared","cid":"N00029127","party":"D","state":"Colorado","total":"7500","indivs":"7500","pacs":"0"}},{"@attributes":{"member_name":"Desaulnier, Mark","cid":"N00030709","party":"D","state":"California","total":"7000","indivs":"0","pacs":"7000"}},{"@attributes":{"member_name":"Kline, John","cid":"N00004436","party":"R","state":"Minnesota","total":"5000","indivs":"0","pacs":"5000"}},{"@attributes":{"member_name":"Roe, Phil","cid":"N00028463","party":"R","state":"Tennessee","total":"4500","indivs":"4500","pacs":"0"}},{"@attributes":{"member_name":"Pocan, Mark","cid":"N00033549","party":"D","state":"Wisconsin","total":"4000","indivs":"0","pacs":"4000"}},{"@attributes":{"member_name":"Courtney, Joe","cid":"N00024842","party":"D","state":"Connecticut","total":"3000","indivs":"0","pacs":"3000"}},{"@attributes":{"member_name":"Hinojosa, Ruben","cid":"N00006008","party":"D","state":"Texas","total":"2500","indivs":"0","pacs":"2500"}},{"@attributes":{"member_name":"Jeffries, Hakeem","cid":"N00033640","party":"D","state":"New York","total":"1000","indivs":"1000","pacs":"0"}},{"@attributes":{"member_name":"Fudge, Marcia L","cid":"N00030490","party":"D","state":"Ohio","total":"400","indivs":"-1600","pacs":"2000"}},{"@attributes":{"member_name":"Grijalva, Raul M","cid":"N00025284","party":"D","state":"Arizona","total":"3","indivs":"3","pacs":"0"}}]}}}