{"response":{"committee":{"@attributes":{"committee_name":"HEDU","industry":"Foreign Policy","congno":"114","origin":"Center for Responsive Politics","source":"http:\/\/www.opensecrets.org\/cmteprofiles\/profiles.php?cmte=HEDU&congno=114","last_updated":"02\/08\/17"},"member":[{"@attributes":{"member_name":"Curbelo, Carlos","cid":"N00035403","party":"R","state":"Florida","total":"140349","indivs":"130349","pacs":"10000"}},{"@attributes":{"member_name":"Heck, Joe","cid":"N00031244","party":"R","state":"Nevada","total":"10750","indivs":"4500","pacs":"6250"}},{"@attributes":{"member_name":"Walberg, Tim","cid":"N00026368","party":"R","state":"Michigan","total":"3000","indivs":"0","pacs":"3000"}},{"@attributes":{"member_name":"Wilson, Frederica","cid":"N00030650","party":"D","state":"Florida","total":"3000","indivs":"0","pacs":"3000"}},{"@attributes":{"member_name":"Salmon, Matt","cid":"N00006446","party":"R","state":"Arizona","total":"2500","indivs":"0","pacs":"2500"}},{"@attributes":{"member_name":"Wilson, Joe","cid":"N00024809","party":"R","state":"South Carolina","total":"2000","indivs":"0","pacs":"2000"}},{"@attributes":{"member_name":"Allen, Richard W","cid":"N00033720","party":"R","state":"Georgia","total":"2000","indivs":"0","pacs":"2000"}},{"@attributes":{"member_name":"Byrne, Bradley","cid":"N00035380","party":"R","state":"Alabama","total":"2000","indivs":"0","pacs":"2000"}},{"@attributes":{"member_name":"Carter, Buddy","cid":"N00035346","party":"R","state":"Georgia","total":"1000","indivs":"0","pacs":"1000"}},{"@attributes":{"member_name":"Bishop, Mike","cid":"N00036449","party":"R","state":"Michigan","total":"1000","indivs":"0","pacs":"1000"}},{"@attributes":{"member_name":"Grothman, Glenn S","cid":"N00036409","party":"R","state":"Wisconsin","total":"1000","indivs":"0","pacs":"1000"}},{"@attributes":{"member_name":"Russell, Steven","cid":"N00036175","party":"R","state":"Oklahoma","total":"1000","indivs":"0","pacs":"1000"}},{"@attributes":{"member_name":"Stefanik, Elise","cid":"N00035523","party":"R","state":"New York","total":"1000","indivs":"0","pacs":"1000"}},{"@attributes":{"member_name":"Foxx, Virginia","cid":"N00026166","party":"R","state":"North Carolina","total":"1000","indivs":"0","pacs":"1000"}},{"@attributes":{"member_name":"Messer, Luke","cid":"N00012546","party":"R","state":"Indiana","total":"1000","indivs":"0","pacs":"1000"}},{"@attributes":{"member_name":"Guthrie, Brett","cid":"N00029675","party":"R","state":"Kentucky","total":"1000","indivs":"0","pacs":"1000"}},{"@attributes":{"member_name":"Rokita, Todd","cid":"N00031741","party":"R","state":"Indiana","total":"1000","indivs":"0","pacs":"1000"}}]}}}