{"response":{"committee":{"@attributes":{"committee_name":"HEDU","industry":"Mining","congno":"114","origin":"Center for Responsive Politics","source":"http:\/\/www.opensecrets.org\/cmteprofiles\/profiles.php?cmte=HEDU&congno=114","last_updated":"02\/08\/17"},"member":[{"@attributes":{"member_name":"Heck, Joe","cid":"N00031244","party":"R","state":"Nevada","total":"75075","indivs":"39075","pacs":"36000"}},{"@attributes":{"member_name":"Messer, Luke","cid":"N00012546","party":"R","state":"Indiana","total":"31200","indivs":"30200","pacs":"1000"}},{"@attributes":{"member_name":"Walberg, Tim","cid":"N00026368","party":"R","state":"Michigan","total":"28500","indivs":"2500","pacs":"26000"}},{"@attributes":{"member_name":"Thompson, Glenn","cid":"N00029736","party":"R","state":"Pennsylvania","total":"17250","indivs":"7250","pacs":"10000"}},{"@attributes":{"member_name":"Guthrie, Brett","cid":"N00029675","party":"R","state":"Kentucky","total":"12700","indivs":"5200","pacs":"7500"}},{"@attributes":{"member_name":"Byrne, Bradley","cid":"N00035380","party":"R","state":"Alabama","total":"10900","indivs":"5400","pacs":"5500"}},{"@attributes":{"member_name":"Salmon, Matt","cid":"N00006446","party":"R","state":"Arizona","total":"7000","indivs":"0","pacs":"7000"}},{"@attributes":{"member_name":"Russell, Steven","cid":"N00036175","party":"R","state":"Oklahoma","total":"5400","indivs":"5400","pacs":"0"}},{"@attributes":{"member_name":"Foxx, Virginia","cid":"N00026166","party":"R","state":"North Carolina","total":"4500","indivs":"0","pacs":"4500"}},{"@attributes":{"member_name":"Rokita, Todd","cid":"N00031741","party":"R","state":"Indiana","total":"2000","indivs":"0","pacs":"2000"}},{"@attributes":{"member_name":"Barletta, Lou","cid":"N00025495","party":"R","state":"Pennsylvania","total":"2000","indivs":"1000","pacs":"1000"}},{"@attributes":{"member_name":"Roe, Phil","cid":"N00028463","party":"R","state":"Tennessee","total":"300","indivs":"300","pacs":"0"}}]}}}