{"response":{"committee":{"@attributes":{"committee_name":"HEDU","industry":"Defense Electronics","congno":"114","origin":"Center for Responsive Politics","source":"http:\/\/www.opensecrets.org\/cmteprofiles\/profiles.php?cmte=HEDU&congno=114","last_updated":"02\/08\/17"},"member":[{"@attributes":{"member_name":"Hunter, Duncan D","cid":"N00029258","party":"R","state":"California","total":"59250","indivs":"2000","pacs":"57250"}},{"@attributes":{"member_name":"Heck, Joe","cid":"N00031244","party":"R","state":"Nevada","total":"57260","indivs":"24260","pacs":"33000"}},{"@attributes":{"member_name":"Wilson, Joe","cid":"N00024809","party":"R","state":"South Carolina","total":"52000","indivs":"0","pacs":"52000"}},{"@attributes":{"member_name":"Courtney, Joe","cid":"N00024842","party":"D","state":"Connecticut","total":"40850","indivs":"9850","pacs":"31000"}},{"@attributes":{"member_name":"Stefanik, Elise","cid":"N00035523","party":"R","state":"New York","total":"40750","indivs":"750","pacs":"40000"}},{"@attributes":{"member_name":"Davis, Susan A","cid":"N00009604","party":"D","state":"California","total":"29500","indivs":"0","pacs":"29500"}},{"@attributes":{"member_name":"Byrne, Bradley","cid":"N00035380","party":"R","state":"Alabama","total":"25500","indivs":"0","pacs":"25500"}},{"@attributes":{"member_name":"Clark, Katherine","cid":"N00035278","party":"D","state":"Massachusetts","total":"18500","indivs":"2500","pacs":"16000"}},{"@attributes":{"member_name":"Russell, Steven","cid":"N00036175","party":"R","state":"Oklahoma","total":"13000","indivs":"0","pacs":"13000"}},{"@attributes":{"member_name":"Carter, Buddy","cid":"N00035346","party":"R","state":"Georgia","total":"11000","indivs":"0","pacs":"11000"}},{"@attributes":{"member_name":"Bonamici, Suzanne","cid":"N00033474","party":"D","state":"Oregon","total":"7500","indivs":"0","pacs":"7500"}},{"@attributes":{"member_name":"Bishop, Mike","cid":"N00036449","party":"R","state":"Michigan","total":"5500","indivs":"0","pacs":"5500"}},{"@attributes":{"member_name":"Guthrie, Brett","cid":"N00029675","party":"R","state":"Kentucky","total":"4500","indivs":"0","pacs":"4500"}},{"@attributes":{"member_name":"Grothman, Glenn S","cid":"N00036409","party":"R","state":"Wisconsin","total":"3000","indivs":"0","pacs":"3000"}},{"@attributes":{"member_name":"Messer, Luke","cid":"N00012546","party":"R","state":"Indiana","total":"3000","indivs":"0","pacs":"3000"}},{"@attributes":{"member_name":"Scott, Bobby","cid":"N00002147","party":"D","state":"Virginia","total":"3000","indivs":"0","pacs":"3000"}},{"@attributes":{"member_name":"Walberg, Tim","cid":"N00026368","party":"R","state":"Michigan","total":"2000","indivs":"0","pacs":"2000"}},{"@attributes":{"member_name":"Salmon, Matt","cid":"N00006446","party":"R","state":"Arizona","total":"2000","indivs":"0","pacs":"2000"}},{"@attributes":{"member_name":"Brat, Dave","cid":"N00036013","party":"R","state":"Virginia","total":"2000","indivs":"0","pacs":"2000"}},{"@attributes":{"member_name":"Allen, Richard W","cid":"N00033720","party":"R","state":"Georgia","total":"2000","indivs":"0","pacs":"2000"}},{"@attributes":{"member_name":"Curbelo, Carlos","cid":"N00035403","party":"R","state":"Florida","total":"1000","indivs":"0","pacs":"1000"}},{"@attributes":{"member_name":"Fudge, Marcia L","cid":"N00030490","party":"D","state":"Ohio","total":"1000","indivs":"0","pacs":"1000"}}]}}}