{"response":{"committee":{"@attributes":{"committee_name":"HENE","industry":"Dairy","congno":"114","origin":"Center for Responsive Politics","source":"http:\/\/www.opensecrets.org\/cmteprofiles\/profiles.php?cmte=HENE&congno=114","last_updated":"02\/08\/17"},"member":[{"@attributes":{"member_name":"Scalise, Steve","cid":"N00009660","party":"R","state":"Louisiana","total":"18700","indivs":"16200","pacs":"2500"}},{"@attributes":{"member_name":"Pompeo, Mike","cid":"N00030744","party":"R","state":"Kansas","total":"17500","indivs":"0","pacs":"17500"}},{"@attributes":{"member_name":"Walden, Greg","cid":"N00007690","party":"R","state":"Oregon","total":"14900","indivs":"7400","pacs":"7500"}},{"@attributes":{"member_name":"Upton, Fred","cid":"N00004133","party":"R","state":"Michigan","total":"14500","indivs":"500","pacs":"14000"}},{"@attributes":{"member_name":"Collins, Chris","cid":"N00001285","party":"R","state":"New York","total":"13750","indivs":"2000","pacs":"11750"}},{"@attributes":{"member_name":"Long, Billy","cid":"N00030676","party":"R","state":"Missouri","total":"11100","indivs":"100","pacs":"11000"}},{"@attributes":{"member_name":"Shimkus, John M","cid":"N00004961","party":"R","state":"Illinois","total":"11000","indivs":"0","pacs":"11000"}},{"@attributes":{"member_name":"Flores, Bill","cid":"N00031545","party":"R","state":"Texas","total":"8450","indivs":"4950","pacs":"3500"}},{"@attributes":{"member_name":"Schrader, Kurt","cid":"N00030071","party":"D","state":"Oregon","total":"7750","indivs":"2250","pacs":"5500"}},{"@attributes":{"member_name":"DeGette, Diana","cid":"N00006134","party":"D","state":"Colorado","total":"7400","indivs":"5400","pacs":"2000"}},{"@attributes":{"member_name":"Rodgers, Cathy McMorris","cid":"N00026314","party":"R","state":"Washington","total":"7000","indivs":"3500","pacs":"3500"}},{"@attributes":{"member_name":"Welch, Peter","cid":"N00000515","party":"D","state":"Vermont","total":"5500","indivs":"500","pacs":"5000"}},{"@attributes":{"member_name":"Butterfield, G K","cid":"N00027035","party":"D","state":"North Carolina","total":"3500","indivs":"0","pacs":"3500"}},{"@attributes":{"member_name":"Loebsack, David","cid":"N00027741","party":"D","state":"Iowa","total":"2500","indivs":"0","pacs":"2500"}},{"@attributes":{"member_name":"Ellmers, Renee","cid":"N00031513","party":"R","state":"North Carolina","total":"2500","indivs":"0","pacs":"2500"}},{"@attributes":{"member_name":"Guthrie, Brett","cid":"N00029675","party":"R","state":"Kentucky","total":"2000","indivs":"0","pacs":"2000"}},{"@attributes":{"member_name":"Lujan, Ben R","cid":"N00029562","party":"D","state":"New Mexico","total":"2000","indivs":"0","pacs":"2000"}},{"@attributes":{"member_name":"Cardenas, Tony","cid":"N00033373","party":"D","state":"California","total":"2000","indivs":"0","pacs":"2000"}},{"@attributes":{"member_name":"Hudson, Richard","cid":"N00033630","party":"R","state":"North Carolina","total":"2000","indivs":"2000","pacs":"0"}},{"@attributes":{"member_name":"Cramer, Kevin","cid":"N00004614","party":"R","state":"North Dakota","total":"2000","indivs":"0","pacs":"2000"}},{"@attributes":{"member_name":"Brooks, Susan","cid":"N00033495","party":"R","state":"Indiana","total":"1000","indivs":"0","pacs":"1000"}},{"@attributes":{"member_name":"Mullin, Markwayne","cid":"N00033410","party":"R","state":"Oklahoma","total":"1000","indivs":"0","pacs":"1000"}},{"@attributes":{"member_name":"Kinzinger, Adam","cid":"N00030667","party":"R","state":"Illinois","total":"1000","indivs":"0","pacs":"1000"}},{"@attributes":{"member_name":"Johnson, Bill","cid":"N00032088","party":"R","state":"Ohio","total":"1000","indivs":"0","pacs":"1000"}},{"@attributes":{"member_name":"Lance, Leonard","cid":"N00000898","party":"R","state":"New Jersey","total":"500","indivs":"0","pacs":"500"}},{"@attributes":{"member_name":"Tonko, Paul","cid":"N00030196","party":"D","state":"New York","total":"250","indivs":"0","pacs":"250"}},{"@attributes":{"member_name":"Castor, Kathy","cid":"N00027514","party":"D","state":"Florida","total":"250","indivs":"250","pacs":"0"}}]}}}