{"response":{"committee":{"@attributes":{"committee_name":"HENE","industry":"Forest Products","congno":"114","origin":"Center for Responsive Politics","source":"http:\/\/www.opensecrets.org\/cmteprofiles\/profiles.php?cmte=HENE&congno=114","last_updated":"02\/08\/17"},"member":[{"@attributes":{"member_name":"Schrader, Kurt","cid":"N00030071","party":"D","state":"Oregon","total":"92050","indivs":"43550","pacs":"48500"}},{"@attributes":{"member_name":"Walden, Greg","cid":"N00007690","party":"R","state":"Oregon","total":"85643","indivs":"44143","pacs":"41500"}},{"@attributes":{"member_name":"Rodgers, Cathy McMorris","cid":"N00026314","party":"R","state":"Washington","total":"80200","indivs":"29450","pacs":"50750"}},{"@attributes":{"member_name":"Scalise, Steve","cid":"N00009660","party":"R","state":"Louisiana","total":"24709","indivs":"709","pacs":"24000"}},{"@attributes":{"member_name":"Mullin, Markwayne","cid":"N00033410","party":"R","state":"Oklahoma","total":"18500","indivs":"0","pacs":"18500"}},{"@attributes":{"member_name":"Griffith, Morgan","cid":"N00032029","party":"R","state":"Virginia","total":"15500","indivs":"0","pacs":"15500"}},{"@attributes":{"member_name":"Harper, Gregg","cid":"N00029632","party":"R","state":"Mississippi","total":"14000","indivs":"3000","pacs":"11000"}},{"@attributes":{"member_name":"Butterfield, G K","cid":"N00027035","party":"D","state":"North Carolina","total":"13500","indivs":"0","pacs":"13500"}},{"@attributes":{"member_name":"Guthrie, Brett","cid":"N00029675","party":"R","state":"Kentucky","total":"11750","indivs":"750","pacs":"11000"}},{"@attributes":{"member_name":"Shimkus, John M","cid":"N00004961","party":"R","state":"Illinois","total":"9200","indivs":"700","pacs":"8500"}},{"@attributes":{"member_name":"Upton, Fred","cid":"N00004133","party":"R","state":"Michigan","total":"8500","indivs":"0","pacs":"8500"}},{"@attributes":{"member_name":"Hudson, Richard","cid":"N00033630","party":"R","state":"North Carolina","total":"8000","indivs":"0","pacs":"8000"}},{"@attributes":{"member_name":"Brooks, Susan","cid":"N00033495","party":"R","state":"Indiana","total":"7000","indivs":"0","pacs":"7000"}},{"@attributes":{"member_name":"Flores, Bill","cid":"N00031545","party":"R","state":"Texas","total":"5500","indivs":"0","pacs":"5500"}},{"@attributes":{"member_name":"Olson, Pete","cid":"N00029285","party":"R","state":"Texas","total":"5000","indivs":"0","pacs":"5000"}},{"@attributes":{"member_name":"Latta, Robert E","cid":"N00012233","party":"R","state":"Ohio","total":"5000","indivs":"0","pacs":"5000"}},{"@attributes":{"member_name":"McKinley, David","cid":"N00031681","party":"R","state":"West Virginia","total":"4500","indivs":"500","pacs":"4000"}},{"@attributes":{"member_name":"Bucshon, Larry","cid":"N00031227","party":"R","state":"Indiana","total":"4000","indivs":"0","pacs":"4000"}},{"@attributes":{"member_name":"Ellmers, Renee","cid":"N00031513","party":"R","state":"North Carolina","total":"3500","indivs":"0","pacs":"3500"}},{"@attributes":{"member_name":"Loebsack, David","cid":"N00027741","party":"D","state":"Iowa","total":"3000","indivs":"0","pacs":"3000"}},{"@attributes":{"member_name":"Barton, Joe","cid":"N00005656","party":"R","state":"Texas","total":"3000","indivs":"0","pacs":"3000"}},{"@attributes":{"member_name":"Tonko, Paul","cid":"N00030196","party":"D","state":"New York","total":"2000","indivs":"0","pacs":"2000"}},{"@attributes":{"member_name":"Yarmuth, John A","cid":"N00028073","party":"D","state":"Kentucky","total":"2000","indivs":"0","pacs":"2000"}},{"@attributes":{"member_name":"Johnson, Bill","cid":"N00032088","party":"R","state":"Ohio","total":"2000","indivs":"0","pacs":"2000"}},{"@attributes":{"member_name":"Collins, Chris","cid":"N00001285","party":"R","state":"New York","total":"2000","indivs":"0","pacs":"2000"}},{"@attributes":{"member_name":"Doyle, Mike","cid":"N00001373","party":"D","state":"Pennsylvania","total":"1000","indivs":"0","pacs":"1000"}},{"@attributes":{"member_name":"Long, Billy","cid":"N00030676","party":"R","state":"Missouri","total":"1000","indivs":"0","pacs":"1000"}},{"@attributes":{"member_name":"Pitts, Joe","cid":"N00001633","party":"R","state":"Pennsylvania","total":"1000","indivs":"0","pacs":"1000"}},{"@attributes":{"member_name":"Murphy, Tim","cid":"N00024992","party":"R","state":"Pennsylvania","total":"1000","indivs":"0","pacs":"1000"}}]}}}