{"response":{"committee":{"@attributes":{"committee_name":"HENE","industry":"Crop Production","congno":"114","origin":"Center for Responsive Politics","source":"http:\/\/www.opensecrets.org\/cmteprofiles\/profiles.php?cmte=HENE&congno=114","last_updated":"02\/08\/17"},"member":[{"@attributes":{"member_name":"Walden, Greg","cid":"N00007690","party":"R","state":"Oregon","total":"62535","indivs":"36535","pacs":"26000"}},{"@attributes":{"member_name":"Cramer, Kevin","cid":"N00004614","party":"R","state":"North Dakota","total":"59400","indivs":"22900","pacs":"36500"}},{"@attributes":{"member_name":"Kinzinger, Adam","cid":"N00030667","party":"R","state":"Illinois","total":"54870","indivs":"7870","pacs":"47000"}},{"@attributes":{"member_name":"Hudson, Richard","cid":"N00033630","party":"R","state":"North Carolina","total":"50650","indivs":"9550","pacs":"41100"}},{"@attributes":{"member_name":"Shimkus, John M","cid":"N00004961","party":"R","state":"Illinois","total":"40230","indivs":"10230","pacs":"30000"}},{"@attributes":{"member_name":"Matsui, Doris O","cid":"N00027459","party":"D","state":"California","total":"36361","indivs":"9612","pacs":"26749"}},{"@attributes":{"member_name":"Schrader, Kurt","cid":"N00030071","party":"D","state":"Oregon","total":"34300","indivs":"4300","pacs":"30000"}},{"@attributes":{"member_name":"Long, Billy","cid":"N00030676","party":"R","state":"Missouri","total":"33685","indivs":"9185","pacs":"24500"}},{"@attributes":{"member_name":"Mullin, Markwayne","cid":"N00033410","party":"R","state":"Oklahoma","total":"31250","indivs":"1750","pacs":"29500"}},{"@attributes":{"member_name":"Loebsack, David","cid":"N00027741","party":"D","state":"Iowa","total":"30680","indivs":"4680","pacs":"26000"}},{"@attributes":{"member_name":"Ellmers, Renee","cid":"N00031513","party":"R","state":"North Carolina","total":"30500","indivs":"8000","pacs":"22500"}},{"@attributes":{"member_name":"Harper, Gregg","cid":"N00029632","party":"R","state":"Mississippi","total":"28100","indivs":"5100","pacs":"23000"}},{"@attributes":{"member_name":"Butterfield, G K","cid":"N00027035","party":"D","state":"North Carolina","total":"26000","indivs":"0","pacs":"26000"}},{"@attributes":{"member_name":"Yarmuth, John A","cid":"N00028073","party":"D","state":"Kentucky","total":"24500","indivs":"2500","pacs":"22000"}},{"@attributes":{"member_name":"Lujan, Ben R","cid":"N00029562","party":"D","state":"New Mexico","total":"21500","indivs":"1000","pacs":"20500"}},{"@attributes":{"member_name":"Welch, Peter","cid":"N00000515","party":"D","state":"Vermont","total":"21400","indivs":"400","pacs":"21000"}},{"@attributes":{"member_name":"Scalise, Steve","cid":"N00009660","party":"R","state":"Louisiana","total":"21000","indivs":"0","pacs":"21000"}},{"@attributes":{"member_name":"Rodgers, Cathy McMorris","cid":"N00026314","party":"R","state":"Washington","total":"20740","indivs":"18740","pacs":"2000"}},{"@attributes":{"member_name":"Pompeo, Mike","cid":"N00030744","party":"R","state":"Kansas","total":"20720","indivs":"3220","pacs":"17500"}},{"@attributes":{"member_name":"Latta, Robert E","cid":"N00012233","party":"R","state":"Ohio","total":"20125","indivs":"14125","pacs":"6000"}},{"@attributes":{"member_name":"Doyle, Mike","cid":"N00001373","party":"D","state":"Pennsylvania","total":"20000","indivs":"0","pacs":"20000"}},{"@attributes":{"member_name":"Bucshon, Larry","cid":"N00031227","party":"R","state":"Indiana","total":"15550","indivs":"5050","pacs":"10500"}},{"@attributes":{"member_name":"Upton, Fred","cid":"N00004133","party":"R","state":"Michigan","total":"14800","indivs":"7800","pacs":"7000"}},{"@attributes":{"member_name":"Cardenas, Tony","cid":"N00033373","party":"D","state":"California","total":"14200","indivs":"0","pacs":"14200"}},{"@attributes":{"member_name":"Engel, Eliot L","cid":"N00001003","party":"D","state":"New York","total":"13000","indivs":"0","pacs":"13000"}},{"@attributes":{"member_name":"Guthrie, Brett","cid":"N00029675","party":"R","state":"Kentucky","total":"12250","indivs":"4750","pacs":"7500"}},{"@attributes":{"member_name":"Kennedy, Joe III","cid":"N00034044","party":"D","state":"Massachusetts","total":"12000","indivs":"0","pacs":"12000"}},{"@attributes":{"member_name":"Eshoo, Anna","cid":"N00007335","party":"D","state":"California","total":"11500","indivs":"1500","pacs":"10000"}},{"@attributes":{"member_name":"Flores, Bill","cid":"N00031545","party":"R","state":"Texas","total":"11000","indivs":"1000","pacs":"10000"}},{"@attributes":{"member_name":"DeGette, Diana","cid":"N00006134","party":"D","state":"Colorado","total":"10800","indivs":"800","pacs":"10000"}},{"@attributes":{"member_name":"Bilirakis, Gus","cid":"N00027462","party":"R","state":"Florida","total":"10000","indivs":"4000","pacs":"6000"}},{"@attributes":{"member_name":"Tonko, Paul","cid":"N00030196","party":"D","state":"New York","total":"9700","indivs":"4200","pacs":"5500"}},{"@attributes":{"member_name":"Brooks, Susan","cid":"N00033495","party":"R","state":"Indiana","total":"6900","indivs":"3900","pacs":"3000"}},{"@attributes":{"member_name":"Whitfield, Ed","cid":"N00003467","party":"R","state":"Kentucky","total":"6250","indivs":"750","pacs":"5500"}},{"@attributes":{"member_name":"Castor, Kathy","cid":"N00027514","party":"D","state":"Florida","total":"5500","indivs":"2000","pacs":"3500"}},{"@attributes":{"member_name":"Sarbanes, John","cid":"N00027751","party":"D","state":"Maryland","total":"5000","indivs":"5000","pacs":"0"}},{"@attributes":{"member_name":"Collins, Chris","cid":"N00001285","party":"R","state":"New York","total":"4875","indivs":"2875","pacs":"2000"}},{"@attributes":{"member_name":"McNerney, Jerry","cid":"N00026926","party":"D","state":"California","total":"4775","indivs":"4775","pacs":"0"}},{"@attributes":{"member_name":"Lance, Leonard","cid":"N00000898","party":"R","state":"New Jersey","total":"4750","indivs":"4750","pacs":"0"}},{"@attributes":{"member_name":"Johnson, Bill","cid":"N00032088","party":"R","state":"Ohio","total":"4200","indivs":"3200","pacs":"1000"}},{"@attributes":{"member_name":"Green, Gene","cid":"N00005870","party":"D","state":"Texas","total":"2500","indivs":"500","pacs":"2000"}},{"@attributes":{"member_name":"Pitts, Joe","cid":"N00001633","party":"R","state":"Pennsylvania","total":"2500","indivs":"2500","pacs":"0"}},{"@attributes":{"member_name":"Blackburn, Marsha","cid":"N00003105","party":"R","state":"Tennessee","total":"2000","indivs":"1000","pacs":"1000"}},{"@attributes":{"member_name":"Olson, Pete","cid":"N00029285","party":"R","state":"Texas","total":"2000","indivs":"0","pacs":"2000"}},{"@attributes":{"member_name":"Schakowsky, Jan","cid":"N00004724","party":"D","state":"Illinois","total":"2000","indivs":"0","pacs":"2000"}},{"@attributes":{"member_name":"Clarke, Yvette D","cid":"N00026961","party":"D","state":"New York","total":"1500","indivs":"0","pacs":"1500"}},{"@attributes":{"member_name":"Pallone, Frank Jr","cid":"N00000781","party":"D","state":"New Jersey","total":"1500","indivs":"1500","pacs":"0"}}]}}}