{"response":{"committee":{"@attributes":{"committee_name":"HENE","industry":"Publishing","congno":"114","origin":"Center for Responsive Politics","source":"http:\/\/www.opensecrets.org\/cmteprofiles\/profiles.php?cmte=HENE&congno=114","last_updated":"02\/08\/17"},"member":[{"@attributes":{"member_name":"Kennedy, Joe III","cid":"N00034044","party":"D","state":"Massachusetts","total":"20485","indivs":"19485","pacs":"1000"}},{"@attributes":{"member_name":"Loebsack, David","cid":"N00027741","party":"D","state":"Iowa","total":"11748","indivs":"11748","pacs":"0"}},{"@attributes":{"member_name":"Lujan, Ben R","cid":"N00029562","party":"D","state":"New Mexico","total":"11700","indivs":"9700","pacs":"2000"}},{"@attributes":{"member_name":"McNerney, Jerry","cid":"N00026926","party":"D","state":"California","total":"11400","indivs":"11400","pacs":"0"}},{"@attributes":{"member_name":"Schakowsky, Jan","cid":"N00004724","party":"D","state":"Illinois","total":"11400","indivs":"11400","pacs":"0"}},{"@attributes":{"member_name":"Shimkus, John M","cid":"N00004961","party":"R","state":"Illinois","total":"7000","indivs":"0","pacs":"7000"}},{"@attributes":{"member_name":"Sarbanes, John","cid":"N00027751","party":"D","state":"Maryland","total":"6275","indivs":"6275","pacs":"0"}},{"@attributes":{"member_name":"Rodgers, Cathy McMorris","cid":"N00026314","party":"R","state":"Washington","total":"5650","indivs":"5650","pacs":"0"}},{"@attributes":{"member_name":"Ellmers, Renee","cid":"N00031513","party":"R","state":"North Carolina","total":"5061","indivs":"3561","pacs":"1500"}},{"@attributes":{"member_name":"Lance, Leonard","cid":"N00000898","party":"R","state":"New Jersey","total":"4950","indivs":"4950","pacs":"0"}},{"@attributes":{"member_name":"Upton, Fred","cid":"N00004133","party":"R","state":"Michigan","total":"3750","indivs":"3750","pacs":"0"}},{"@attributes":{"member_name":"Castor, Kathy","cid":"N00027514","party":"D","state":"Florida","total":"3350","indivs":"1350","pacs":"2000"}},{"@attributes":{"member_name":"Walden, Greg","cid":"N00007690","party":"R","state":"Oregon","total":"3000","indivs":"1000","pacs":"2000"}},{"@attributes":{"member_name":"Burgess, Michael","cid":"N00025219","party":"R","state":"Texas","total":"3000","indivs":"1000","pacs":"2000"}},{"@attributes":{"member_name":"Blackburn, Marsha","cid":"N00003105","party":"R","state":"Tennessee","total":"3000","indivs":"1000","pacs":"2000"}},{"@attributes":{"member_name":"Pallone, Frank Jr","cid":"N00000781","party":"D","state":"New Jersey","total":"3000","indivs":"2000","pacs":"1000"}},{"@attributes":{"member_name":"Pompeo, Mike","cid":"N00030744","party":"R","state":"Kansas","total":"3000","indivs":"0","pacs":"3000"}},{"@attributes":{"member_name":"Eshoo, Anna","cid":"N00007335","party":"D","state":"California","total":"2900","indivs":"2900","pacs":"0"}},{"@attributes":{"member_name":"Engel, Eliot L","cid":"N00001003","party":"D","state":"New York","total":"2300","indivs":"1300","pacs":"1000"}},{"@attributes":{"member_name":"McKinley, David","cid":"N00031681","party":"R","state":"West Virginia","total":"2300","indivs":"2300","pacs":"0"}},{"@attributes":{"member_name":"Flores, Bill","cid":"N00031545","party":"R","state":"Texas","total":"2000","indivs":"2000","pacs":"0"}},{"@attributes":{"member_name":"Butterfield, G K","cid":"N00027035","party":"D","state":"North Carolina","total":"1750","indivs":"1750","pacs":"0"}},{"@attributes":{"member_name":"DeGette, Diana","cid":"N00006134","party":"D","state":"Colorado","total":"1500","indivs":"1500","pacs":"0"}},{"@attributes":{"member_name":"Whitfield, Ed","cid":"N00003467","party":"R","state":"Kentucky","total":"1500","indivs":"1500","pacs":"0"}},{"@attributes":{"member_name":"Welch, Peter","cid":"N00000515","party":"D","state":"Vermont","total":"1459","indivs":"1459","pacs":"0"}},{"@attributes":{"member_name":"Kinzinger, Adam","cid":"N00030667","party":"R","state":"Illinois","total":"1250","indivs":"1250","pacs":"0"}},{"@attributes":{"member_name":"Tonko, Paul","cid":"N00030196","party":"D","state":"New York","total":"1043","indivs":"1043","pacs":"0"}},{"@attributes":{"member_name":"Bilirakis, Gus","cid":"N00027462","party":"R","state":"Florida","total":"1000","indivs":"0","pacs":"1000"}},{"@attributes":{"member_name":"Barton, Joe","cid":"N00005656","party":"R","state":"Texas","total":"1000","indivs":"1000","pacs":"0"}},{"@attributes":{"member_name":"Scalise, Steve","cid":"N00009660","party":"R","state":"Louisiana","total":"790","indivs":"790","pacs":"0"}},{"@attributes":{"member_name":"Cardenas, Tony","cid":"N00033373","party":"D","state":"California","total":"750","indivs":"750","pacs":"0"}},{"@attributes":{"member_name":"Yarmuth, John A","cid":"N00028073","party":"D","state":"Kentucky","total":"750","indivs":"750","pacs":"0"}},{"@attributes":{"member_name":"Clarke, Yvette D","cid":"N00026961","party":"D","state":"New York","total":"500","indivs":"500","pacs":"0"}},{"@attributes":{"member_name":"Guthrie, Brett","cid":"N00029675","party":"R","state":"Kentucky","total":"500","indivs":"500","pacs":"0"}},{"@attributes":{"member_name":"Long, Billy","cid":"N00030676","party":"R","state":"Missouri","total":"500","indivs":"500","pacs":"0"}},{"@attributes":{"member_name":"Brooks, Susan","cid":"N00033495","party":"R","state":"Indiana","total":"500","indivs":"500","pacs":"0"}},{"@attributes":{"member_name":"Schrader, Kurt","cid":"N00030071","party":"D","state":"Oregon","total":"255","indivs":"255","pacs":"0"}},{"@attributes":{"member_name":"Harper, Gregg","cid":"N00029632","party":"R","state":"Mississippi","total":"250","indivs":"250","pacs":"0"}},{"@attributes":{"member_name":"Cramer, Kevin","cid":"N00004614","party":"R","state":"North Dakota","total":"225","indivs":"225","pacs":"0"}}]}}}