{"response":{"committee":{"@attributes":{"committee_name":"HENE","industry":"Telephone Utilities","congno":"114","origin":"Center for Responsive Politics","source":"http:\/\/www.opensecrets.org\/cmteprofiles\/profiles.php?cmte=HENE&congno=114","last_updated":"02\/08\/17"},"member":[{"@attributes":{"member_name":"Walden, Greg","cid":"N00007690","party":"R","state":"Oregon","total":"82250","indivs":"20250","pacs":"62000"}},{"@attributes":{"member_name":"Upton, Fred","cid":"N00004133","party":"R","state":"Michigan","total":"46000","indivs":"2000","pacs":"44000"}},{"@attributes":{"member_name":"Matsui, Doris O","cid":"N00027459","party":"D","state":"California","total":"38500","indivs":"0","pacs":"38500"}},{"@attributes":{"member_name":"Scalise, Steve","cid":"N00009660","party":"R","state":"Louisiana","total":"38450","indivs":"3450","pacs":"35000"}},{"@attributes":{"member_name":"Shimkus, John M","cid":"N00004961","party":"R","state":"Illinois","total":"37450","indivs":"1450","pacs":"36000"}},{"@attributes":{"member_name":"Lujan, Ben R","cid":"N00029562","party":"D","state":"New Mexico","total":"36500","indivs":"0","pacs":"36500"}},{"@attributes":{"member_name":"Kinzinger, Adam","cid":"N00030667","party":"R","state":"Illinois","total":"36250","indivs":"0","pacs":"36250"}},{"@attributes":{"member_name":"Pallone, Frank Jr","cid":"N00000781","party":"D","state":"New Jersey","total":"35000","indivs":"4000","pacs":"31000"}},{"@attributes":{"member_name":"Guthrie, Brett","cid":"N00029675","party":"R","state":"Kentucky","total":"34500","indivs":"0","pacs":"34500"}},{"@attributes":{"member_name":"Blackburn, Marsha","cid":"N00003105","party":"R","state":"Tennessee","total":"33500","indivs":"2000","pacs":"31500"}},{"@attributes":{"member_name":"Latta, Robert E","cid":"N00012233","party":"R","state":"Ohio","total":"32500","indivs":"0","pacs":"32500"}},{"@attributes":{"member_name":"Butterfield, G K","cid":"N00027035","party":"D","state":"North Carolina","total":"32250","indivs":"250","pacs":"32000"}},{"@attributes":{"member_name":"Cramer, Kevin","cid":"N00004614","party":"R","state":"North Dakota","total":"32000","indivs":"1000","pacs":"31000"}},{"@attributes":{"member_name":"Olson, Pete","cid":"N00029285","party":"R","state":"Texas","total":"29500","indivs":"0","pacs":"29500"}},{"@attributes":{"member_name":"Long, Billy","cid":"N00030676","party":"R","state":"Missouri","total":"29000","indivs":"0","pacs":"29000"}},{"@attributes":{"member_name":"Schrader, Kurt","cid":"N00030071","party":"D","state":"Oregon","total":"28005","indivs":"5","pacs":"28000"}},{"@attributes":{"member_name":"Green, Gene","cid":"N00005870","party":"D","state":"Texas","total":"28000","indivs":"2500","pacs":"25500"}},{"@attributes":{"member_name":"Pompeo, Mike","cid":"N00030744","party":"R","state":"Kansas","total":"27500","indivs":"0","pacs":"27500"}},{"@attributes":{"member_name":"Eshoo, Anna","cid":"N00007335","party":"D","state":"California","total":"26000","indivs":"0","pacs":"26000"}},{"@attributes":{"member_name":"Collins, Chris","cid":"N00001285","party":"R","state":"New York","total":"26000","indivs":"0","pacs":"26000"}},{"@attributes":{"member_name":"Johnson, Bill","cid":"N00032088","party":"R","state":"Ohio","total":"25000","indivs":"0","pacs":"25000"}},{"@attributes":{"member_name":"Welch, Peter","cid":"N00000515","party":"D","state":"Vermont","total":"24505","indivs":"5","pacs":"24500"}},{"@attributes":{"member_name":"Loebsack, David","cid":"N00027741","party":"D","state":"Iowa","total":"24300","indivs":"1300","pacs":"23000"}},{"@attributes":{"member_name":"Mullin, Markwayne","cid":"N00033410","party":"R","state":"Oklahoma","total":"23250","indivs":"1000","pacs":"22250"}},{"@attributes":{"member_name":"McNerney, Jerry","cid":"N00026926","party":"D","state":"California","total":"23000","indivs":"0","pacs":"23000"}},{"@attributes":{"member_name":"Cardenas, Tony","cid":"N00033373","party":"D","state":"California","total":"22000","indivs":"0","pacs":"22000"}},{"@attributes":{"member_name":"Barton, Joe","cid":"N00005656","party":"R","state":"Texas","total":"21250","indivs":"250","pacs":"21000"}},{"@attributes":{"member_name":"DeGette, Diana","cid":"N00006134","party":"D","state":"Colorado","total":"21250","indivs":"250","pacs":"21000"}},{"@attributes":{"member_name":"Harper, Gregg","cid":"N00029632","party":"R","state":"Mississippi","total":"20600","indivs":"3600","pacs":"17000"}},{"@attributes":{"member_name":"Rush, Bobby L","cid":"N00004887","party":"D","state":"Illinois","total":"20500","indivs":"0","pacs":"20500"}},{"@attributes":{"member_name":"Hudson, Richard","cid":"N00033630","party":"R","state":"North Carolina","total":"19500","indivs":"500","pacs":"19000"}},{"@attributes":{"member_name":"Rodgers, Cathy McMorris","cid":"N00026314","party":"R","state":"Washington","total":"19000","indivs":"0","pacs":"19000"}},{"@attributes":{"member_name":"Lance, Leonard","cid":"N00000898","party":"R","state":"New Jersey","total":"18500","indivs":"1500","pacs":"17000"}},{"@attributes":{"member_name":"Flores, Bill","cid":"N00031545","party":"R","state":"Texas","total":"18000","indivs":"0","pacs":"18000"}},{"@attributes":{"member_name":"Brooks, Susan","cid":"N00033495","party":"R","state":"Indiana","total":"18000","indivs":"0","pacs":"18000"}},{"@attributes":{"member_name":"Bilirakis, Gus","cid":"N00027462","party":"R","state":"Florida","total":"17500","indivs":"500","pacs":"17000"}},{"@attributes":{"member_name":"Clarke, Yvette D","cid":"N00026961","party":"D","state":"New York","total":"17500","indivs":"0","pacs":"17500"}},{"@attributes":{"member_name":"Tonko, Paul","cid":"N00030196","party":"D","state":"New York","total":"17000","indivs":"0","pacs":"17000"}},{"@attributes":{"member_name":"Yarmuth, John A","cid":"N00028073","party":"D","state":"Kentucky","total":"17000","indivs":"0","pacs":"17000"}},{"@attributes":{"member_name":"Burgess, Michael","cid":"N00025219","party":"R","state":"Texas","total":"17000","indivs":"0","pacs":"17000"}},{"@attributes":{"member_name":"Engel, Eliot L","cid":"N00001003","party":"D","state":"New York","total":"17000","indivs":"0","pacs":"17000"}},{"@attributes":{"member_name":"Murphy, Tim","cid":"N00024992","party":"R","state":"Pennsylvania","total":"15000","indivs":"0","pacs":"15000"}},{"@attributes":{"member_name":"Griffith, Morgan","cid":"N00032029","party":"R","state":"Virginia","total":"15000","indivs":"0","pacs":"15000"}},{"@attributes":{"member_name":"Bucshon, Larry","cid":"N00031227","party":"R","state":"Indiana","total":"14500","indivs":"0","pacs":"14500"}},{"@attributes":{"member_name":"Doyle, Mike","cid":"N00001373","party":"D","state":"Pennsylvania","total":"11500","indivs":"0","pacs":"11500"}},{"@attributes":{"member_name":"Castor, Kathy","cid":"N00027514","party":"D","state":"Florida","total":"11000","indivs":"500","pacs":"10500"}},{"@attributes":{"member_name":"Ellmers, Renee","cid":"N00031513","party":"R","state":"North Carolina","total":"10750","indivs":"250","pacs":"10500"}},{"@attributes":{"member_name":"Whitfield, Ed","cid":"N00003467","party":"R","state":"Kentucky","total":"8500","indivs":"500","pacs":"8000"}},{"@attributes":{"member_name":"Kennedy, Joe III","cid":"N00034044","party":"D","state":"Massachusetts","total":"8500","indivs":"500","pacs":"8000"}},{"@attributes":{"member_name":"Pitts, Joe","cid":"N00001633","party":"R","state":"Pennsylvania","total":"5500","indivs":"0","pacs":"5500"}},{"@attributes":{"member_name":"McKinley, David","cid":"N00031681","party":"R","state":"West Virginia","total":"5500","indivs":"0","pacs":"5500"}},{"@attributes":{"member_name":"Sarbanes, John","cid":"N00027751","party":"D","state":"Maryland","total":"35","indivs":"35","pacs":"0"}},{"@attributes":{"member_name":"Capps, Lois","cid":"N00007232","party":"D","state":"California","total":"-1000","indivs":"0","pacs":"-1000"}}]}}}