{"response":{"committee":{"@attributes":{"committee_name":"HENE","industry":"Agricultural Svcs","congno":"114","origin":"Center for Responsive Politics","source":"http:\/\/www.opensecrets.org\/cmteprofiles\/profiles.php?cmte=HENE&congno=114","last_updated":"02\/08\/17"},"member":[{"@attributes":{"member_name":"Schrader, Kurt","cid":"N00030071","party":"D","state":"Oregon","total":"60700","indivs":"15200","pacs":"45500"}},{"@attributes":{"member_name":"Shimkus, John M","cid":"N00004961","party":"R","state":"Illinois","total":"57484","indivs":"2900","pacs":"54584"}},{"@attributes":{"member_name":"Cramer, Kevin","cid":"N00004614","party":"R","state":"North Dakota","total":"53200","indivs":"2700","pacs":"50500"}},{"@attributes":{"member_name":"Rodgers, Cathy McMorris","cid":"N00026314","party":"R","state":"Washington","total":"48299","indivs":"23799","pacs":"24500"}},{"@attributes":{"member_name":"Loebsack, David","cid":"N00027741","party":"D","state":"Iowa","total":"31400","indivs":"2650","pacs":"28750"}},{"@attributes":{"member_name":"Pompeo, Mike","cid":"N00030744","party":"R","state":"Kansas","total":"28800","indivs":"10800","pacs":"18000"}},{"@attributes":{"member_name":"Walden, Greg","cid":"N00007690","party":"R","state":"Oregon","total":"27450","indivs":"3950","pacs":"23500"}},{"@attributes":{"member_name":"Hudson, Richard","cid":"N00033630","party":"R","state":"North Carolina","total":"26500","indivs":"1000","pacs":"25500"}},{"@attributes":{"member_name":"Kinzinger, Adam","cid":"N00030667","party":"R","state":"Illinois","total":"25810","indivs":"250","pacs":"25560"}},{"@attributes":{"member_name":"Latta, Robert E","cid":"N00012233","party":"R","state":"Ohio","total":"24775","indivs":"5275","pacs":"19500"}},{"@attributes":{"member_name":"Scalise, Steve","cid":"N00009660","party":"R","state":"Louisiana","total":"20550","indivs":"5550","pacs":"15000"}},{"@attributes":{"member_name":"Ellmers, Renee","cid":"N00031513","party":"R","state":"North Carolina","total":"18000","indivs":"0","pacs":"18000"}},{"@attributes":{"member_name":"Upton, Fred","cid":"N00004133","party":"R","state":"Michigan","total":"18000","indivs":"0","pacs":"18000"}},{"@attributes":{"member_name":"Flores, Bill","cid":"N00031545","party":"R","state":"Texas","total":"17379","indivs":"50","pacs":"17329"}},{"@attributes":{"member_name":"Bucshon, Larry","cid":"N00031227","party":"R","state":"Indiana","total":"17200","indivs":"0","pacs":"17200"}},{"@attributes":{"member_name":"Long, Billy","cid":"N00030676","party":"R","state":"Missouri","total":"17050","indivs":"350","pacs":"16700"}},{"@attributes":{"member_name":"Griffith, Morgan","cid":"N00032029","party":"R","state":"Virginia","total":"15000","indivs":"0","pacs":"15000"}},{"@attributes":{"member_name":"Mullin, Markwayne","cid":"N00033410","party":"R","state":"Oklahoma","total":"15000","indivs":"500","pacs":"14500"}},{"@attributes":{"member_name":"Brooks, Susan","cid":"N00033495","party":"R","state":"Indiana","total":"12000","indivs":"0","pacs":"12000"}},{"@attributes":{"member_name":"Johnson, Bill","cid":"N00032088","party":"R","state":"Ohio","total":"10000","indivs":"1500","pacs":"8500"}},{"@attributes":{"member_name":"Guthrie, Brett","cid":"N00029675","party":"R","state":"Kentucky","total":"10000","indivs":"2000","pacs":"8000"}},{"@attributes":{"member_name":"Butterfield, G K","cid":"N00027035","party":"D","state":"North Carolina","total":"8000","indivs":"0","pacs":"8000"}},{"@attributes":{"member_name":"Pallone, Frank Jr","cid":"N00000781","party":"D","state":"New Jersey","total":"7600","indivs":"3100","pacs":"4500"}},{"@attributes":{"member_name":"Burgess, Michael","cid":"N00025219","party":"R","state":"Texas","total":"7529","indivs":"500","pacs":"7029"}},{"@attributes":{"member_name":"Harper, Gregg","cid":"N00029632","party":"R","state":"Mississippi","total":"7500","indivs":"0","pacs":"7500"}},{"@attributes":{"member_name":"Engel, Eliot L","cid":"N00001003","party":"D","state":"New York","total":"7400","indivs":"7400","pacs":"0"}},{"@attributes":{"member_name":"Barton, Joe","cid":"N00005656","party":"R","state":"Texas","total":"7329","indivs":"0","pacs":"7329"}},{"@attributes":{"member_name":"Lance, Leonard","cid":"N00000898","party":"R","state":"New Jersey","total":"6650","indivs":"1650","pacs":"5000"}},{"@attributes":{"member_name":"Blackburn, Marsha","cid":"N00003105","party":"R","state":"Tennessee","total":"5500","indivs":"500","pacs":"5000"}},{"@attributes":{"member_name":"Collins, Chris","cid":"N00001285","party":"R","state":"New York","total":"4500","indivs":"0","pacs":"4500"}},{"@attributes":{"member_name":"Whitfield, Ed","cid":"N00003467","party":"R","state":"Kentucky","total":"4000","indivs":"0","pacs":"4000"}},{"@attributes":{"member_name":"Tonko, Paul","cid":"N00030196","party":"D","state":"New York","total":"3000","indivs":"0","pacs":"3000"}},{"@attributes":{"member_name":"Olson, Pete","cid":"N00029285","party":"R","state":"Texas","total":"2510","indivs":"0","pacs":"2510"}},{"@attributes":{"member_name":"McKinley, David","cid":"N00031681","party":"R","state":"West Virginia","total":"2500","indivs":"0","pacs":"2500"}},{"@attributes":{"member_name":"Rush, Bobby L","cid":"N00004887","party":"D","state":"Illinois","total":"2500","indivs":"0","pacs":"2500"}},{"@attributes":{"member_name":"Bilirakis, Gus","cid":"N00027462","party":"R","state":"Florida","total":"2250","indivs":"2250","pacs":"0"}},{"@attributes":{"member_name":"Welch, Peter","cid":"N00000515","party":"D","state":"Vermont","total":"2143","indivs":"143","pacs":"2000"}},{"@attributes":{"member_name":"Green, Gene","cid":"N00005870","party":"D","state":"Texas","total":"2000","indivs":"0","pacs":"2000"}},{"@attributes":{"member_name":"DeGette, Diana","cid":"N00006134","party":"D","state":"Colorado","total":"2000","indivs":"0","pacs":"2000"}},{"@attributes":{"member_name":"Schakowsky, Jan","cid":"N00004724","party":"D","state":"Illinois","total":"1000","indivs":"0","pacs":"1000"}},{"@attributes":{"member_name":"Kennedy, Joe III","cid":"N00034044","party":"D","state":"Massachusetts","total":"1000","indivs":"0","pacs":"1000"}},{"@attributes":{"member_name":"Cardenas, Tony","cid":"N00033373","party":"D","state":"California","total":"1000","indivs":"0","pacs":"1000"}},{"@attributes":{"member_name":"Pitts, Joe","cid":"N00001633","party":"R","state":"Pennsylvania","total":"1000","indivs":"0","pacs":"1000"}},{"@attributes":{"member_name":"Castor, Kathy","cid":"N00027514","party":"D","state":"Florida","total":"400","indivs":"0","pacs":"400"}},{"@attributes":{"member_name":"Clarke, Yvette D","cid":"N00026961","party":"D","state":"New York","total":"300","indivs":"300","pacs":"0"}},{"@attributes":{"member_name":"Lujan, Ben R","cid":"N00029562","party":"D","state":"New Mexico","total":"-2000","indivs":"0","pacs":"-2000"}}]}}}