{"response":{"committee":{"@attributes":{"committee_name":"HENE","industry":"TV\/Movies\/Music","congno":"114","origin":"Center for Responsive Politics","source":"http:\/\/www.opensecrets.org\/cmteprofiles\/profiles.php?cmte=HENE&congno=114","last_updated":"02\/08\/17"},"member":[{"@attributes":{"member_name":"Walden, Greg","cid":"N00007690","party":"R","state":"Oregon","total":"182419","indivs":"102719","pacs":"79700"}},{"@attributes":{"member_name":"Upton, Fred","cid":"N00004133","party":"R","state":"Michigan","total":"114493","indivs":"49993","pacs":"64500"}},{"@attributes":{"member_name":"Pallone, Frank Jr","cid":"N00000781","party":"D","state":"New Jersey","total":"63600","indivs":"8100","pacs":"55500"}},{"@attributes":{"member_name":"Cardenas, Tony","cid":"N00033373","party":"D","state":"California","total":"63260","indivs":"32260","pacs":"31000"}},{"@attributes":{"member_name":"Shimkus, John M","cid":"N00004961","party":"R","state":"Illinois","total":"62457","indivs":"20957","pacs":"41500"}},{"@attributes":{"member_name":"Blackburn, Marsha","cid":"N00003105","party":"R","state":"Tennessee","total":"53900","indivs":"13900","pacs":"40000"}},{"@attributes":{"member_name":"Kennedy, Joe III","cid":"N00034044","party":"D","state":"Massachusetts","total":"46885","indivs":"34885","pacs":"12000"}},{"@attributes":{"member_name":"Green, Gene","cid":"N00005870","party":"D","state":"Texas","total":"44900","indivs":"7400","pacs":"37500"}},{"@attributes":{"member_name":"Lujan, Ben R","cid":"N00029562","party":"D","state":"New Mexico","total":"43000","indivs":"8500","pacs":"34500"}},{"@attributes":{"member_name":"Scalise, Steve","cid":"N00009660","party":"R","state":"Louisiana","total":"38500","indivs":"11000","pacs":"27500"}},{"@attributes":{"member_name":"Olson, Pete","cid":"N00029285","party":"R","state":"Texas","total":"37150","indivs":"7650","pacs":"29500"}},{"@attributes":{"member_name":"Butterfield, G K","cid":"N00027035","party":"D","state":"North Carolina","total":"35900","indivs":"8400","pacs":"27500"}},{"@attributes":{"member_name":"Long, Billy","cid":"N00030676","party":"R","state":"Missouri","total":"35100","indivs":"4350","pacs":"30750"}},{"@attributes":{"member_name":"Pompeo, Mike","cid":"N00030744","party":"R","state":"Kansas","total":"32500","indivs":"2500","pacs":"30000"}},{"@attributes":{"member_name":"Rodgers, Cathy McMorris","cid":"N00026314","party":"R","state":"Washington","total":"32500","indivs":"6000","pacs":"26500"}},{"@attributes":{"member_name":"Clarke, Yvette D","cid":"N00026961","party":"D","state":"New York","total":"32350","indivs":"6350","pacs":"26000"}},{"@attributes":{"member_name":"DeGette, Diana","cid":"N00006134","party":"D","state":"Colorado","total":"29550","indivs":"10650","pacs":"18900"}},{"@attributes":{"member_name":"Barton, Joe","cid":"N00005656","party":"R","state":"Texas","total":"29200","indivs":"16200","pacs":"13000"}},{"@attributes":{"member_name":"Guthrie, Brett","cid":"N00029675","party":"R","state":"Kentucky","total":"28000","indivs":"0","pacs":"28000"}},{"@attributes":{"member_name":"Collins, Chris","cid":"N00001285","party":"R","state":"New York","total":"27005","indivs":"4505","pacs":"22500"}},{"@attributes":{"member_name":"Kinzinger, Adam","cid":"N00030667","party":"R","state":"Illinois","total":"27000","indivs":"0","pacs":"27000"}},{"@attributes":{"member_name":"Latta, Robert E","cid":"N00012233","party":"R","state":"Ohio","total":"25200","indivs":"7700","pacs":"17500"}},{"@attributes":{"member_name":"Brooks, Susan","cid":"N00033495","party":"R","state":"Indiana","total":"24950","indivs":"5450","pacs":"19500"}},{"@attributes":{"member_name":"Eshoo, Anna","cid":"N00007335","party":"D","state":"California","total":"23700","indivs":"18200","pacs":"5500"}},{"@attributes":{"member_name":"Matsui, Doris O","cid":"N00027459","party":"D","state":"California","total":"22500","indivs":"0","pacs":"22500"}},{"@attributes":{"member_name":"Johnson, Bill","cid":"N00032088","party":"R","state":"Ohio","total":"21500","indivs":"0","pacs":"21500"}},{"@attributes":{"member_name":"Cramer, Kevin","cid":"N00004614","party":"R","state":"North Dakota","total":"20100","indivs":"100","pacs":"20000"}},{"@attributes":{"member_name":"Hudson, Richard","cid":"N00033630","party":"R","state":"North Carolina","total":"18500","indivs":"2000","pacs":"16500"}},{"@attributes":{"member_name":"Tonko, Paul","cid":"N00030196","party":"D","state":"New York","total":"17200","indivs":"5700","pacs":"11500"}},{"@attributes":{"member_name":"Schrader, Kurt","cid":"N00030071","party":"D","state":"Oregon","total":"17000","indivs":"1500","pacs":"15500"}},{"@attributes":{"member_name":"Engel, Eliot L","cid":"N00001003","party":"D","state":"New York","total":"16625","indivs":"3125","pacs":"13500"}},{"@attributes":{"member_name":"Bilirakis, Gus","cid":"N00027462","party":"R","state":"Florida","total":"15250","indivs":"1250","pacs":"14000"}},{"@attributes":{"member_name":"Loebsack, David","cid":"N00027741","party":"D","state":"Iowa","total":"15000","indivs":"0","pacs":"15000"}},{"@attributes":{"member_name":"Yarmuth, John A","cid":"N00028073","party":"D","state":"Kentucky","total":"14250","indivs":"250","pacs":"14000"}},{"@attributes":{"member_name":"Castor, Kathy","cid":"N00027514","party":"D","state":"Florida","total":"14250","indivs":"250","pacs":"14000"}},{"@attributes":{"member_name":"McNerney, Jerry","cid":"N00026926","party":"D","state":"California","total":"13900","indivs":"9900","pacs":"4000"}},{"@attributes":{"member_name":"Rush, Bobby L","cid":"N00004887","party":"D","state":"Illinois","total":"12000","indivs":"1500","pacs":"10500"}},{"@attributes":{"member_name":"Ellmers, Renee","cid":"N00031513","party":"R","state":"North Carolina","total":"11500","indivs":"0","pacs":"11500"}},{"@attributes":{"member_name":"Welch, Peter","cid":"N00000515","party":"D","state":"Vermont","total":"10691","indivs":"691","pacs":"10000"}},{"@attributes":{"member_name":"Mullin, Markwayne","cid":"N00033410","party":"R","state":"Oklahoma","total":"10000","indivs":"0","pacs":"10000"}},{"@attributes":{"member_name":"Flores, Bill","cid":"N00031545","party":"R","state":"Texas","total":"9700","indivs":"4200","pacs":"5500"}},{"@attributes":{"member_name":"Burgess, Michael","cid":"N00025219","party":"R","state":"Texas","total":"7000","indivs":"0","pacs":"7000"}},{"@attributes":{"member_name":"Harper, Gregg","cid":"N00029632","party":"R","state":"Mississippi","total":"6500","indivs":"0","pacs":"6500"}},{"@attributes":{"member_name":"Schakowsky, Jan","cid":"N00004724","party":"D","state":"Illinois","total":"6395","indivs":"4395","pacs":"2000"}},{"@attributes":{"member_name":"Sarbanes, John","cid":"N00027751","party":"D","state":"Maryland","total":"5420","indivs":"5420","pacs":"0"}},{"@attributes":{"member_name":"Whitfield, Ed","cid":"N00003467","party":"R","state":"Kentucky","total":"5000","indivs":"0","pacs":"5000"}},{"@attributes":{"member_name":"Murphy, Tim","cid":"N00024992","party":"R","state":"Pennsylvania","total":"4500","indivs":"500","pacs":"4000"}},{"@attributes":{"member_name":"Doyle, Mike","cid":"N00001373","party":"D","state":"Pennsylvania","total":"4500","indivs":"0","pacs":"4500"}},{"@attributes":{"member_name":"Bucshon, Larry","cid":"N00031227","party":"R","state":"Indiana","total":"4200","indivs":"600","pacs":"3600"}},{"@attributes":{"member_name":"Lance, Leonard","cid":"N00000898","party":"R","state":"New Jersey","total":"3500","indivs":"0","pacs":"3500"}},{"@attributes":{"member_name":"Griffith, Morgan","cid":"N00032029","party":"R","state":"Virginia","total":"2000","indivs":"0","pacs":"2000"}},{"@attributes":{"member_name":"McKinley, David","cid":"N00031681","party":"R","state":"West Virginia","total":"2000","indivs":"0","pacs":"2000"}},{"@attributes":{"member_name":"Pitts, Joe","cid":"N00001633","party":"R","state":"Pennsylvania","total":"1500","indivs":"0","pacs":"1500"}}]}}}